<?xml version='1.0' encoding='UTF-8' standalone='no'?>
<doxygen xmlns:xsi="http://www.w3.org/2001/XMLSchema-instance" xsi:noNamespaceSchemaLocation="compound.xsd" version="1.8.10">
  <compounddef id="_debug_8cpp" kind="file" language="C++">
    <compoundname>Debug.cpp</compoundname>
    <includes refid="_debug_8h" local="yes">Debug.h</includes>
    <incdepgraph>
      <node id="1">
        <label>Debug.h</label>
        <link refid="_debug_8h"/>
        <childnode refid="2" relation="include">
        </childnode>
        <childnode refid="3" relation="include">
        </childnode>
      </node>
      <node id="2">
        <label>string</label>
      </node>
      <node id="0">
        <label>D:/Google Drive/Digipen Institute of Technology/GAM 200/GAM200.git/DCEngine/Core/Debug/Debug.cpp</label>
        <link refid="Debug.cpp"/>
        <childnode refid="1" relation="include">
        </childnode>
      </node>
      <node id="3">
        <label>iostream</label>
      </node>
    </incdepgraph>
    <innernamespace refid="namespace_debug">Debug</innernamespace>
    <briefdescription>
    </briefdescription>
    <detaileddescription>
<para><simplesect kind="author"><para>Christian Sagel </para></simplesect>
<simplesect kind="par"><title>email: c.sagel@digipen.edu</title><para></para></simplesect>
<simplesect kind="date"><para>7/30/2015 </para></simplesect>
</para>    </detaileddescription>
    <programlisting>
<codeline lineno="1"><highlight class="comment">/******************************************************************************/</highlight></codeline>
<codeline lineno="10"><highlight class="comment">/******************************************************************************/</highlight><highlight class="normal"></highlight></codeline>
<codeline lineno="11"><highlight class="normal"></highlight><highlight class="preprocessor">#include<sp/>&quot;<ref refid="_debug_8h" kindref="compound">Debug.h</ref>&quot;</highlight><highlight class="normal"></highlight></codeline>
<codeline lineno="12"><highlight class="normal"></highlight></codeline>
<codeline lineno="13"><highlight class="normal"></highlight><highlight class="keyword">namespace<sp/></highlight><highlight class="normal"><ref refid="namespace_debug" kindref="compound">Debug</ref><sp/>{</highlight></codeline>
<codeline lineno="14"><highlight class="normal"></highlight></codeline>
<codeline lineno="15"><highlight class="normal"><sp/><sp/></highlight><highlight class="comment">/**************************************************************************/</highlight></codeline>
<codeline lineno="20"><highlight class="normal"><sp/><sp/></highlight><highlight class="comment">/**************************************************************************/</highlight><highlight class="normal"></highlight></codeline>
<codeline lineno="21"><highlight class="normal"><sp/><sp/></highlight><highlight class="keywordtype">void</highlight><highlight class="normal"><sp/>PrintString(std::string<sp/>sentence)<sp/>{</highlight></codeline>
<codeline lineno="22"><highlight class="normal"><sp/><sp/><sp/><sp/>std::cout<sp/>&lt;&lt;<sp/>sentence<sp/>&lt;&lt;<sp/>std::endl;</highlight></codeline>
<codeline lineno="23"><highlight class="normal"><sp/><sp/>}</highlight></codeline>
<codeline lineno="24"><highlight class="normal"></highlight></codeline>
<codeline lineno="25"><highlight class="normal"><sp/><sp/></highlight><highlight class="comment">/**************************************************************************/</highlight></codeline>
<codeline lineno="32"><highlight class="normal"><sp/><sp/></highlight><highlight class="comment">/**************************************************************************/</highlight><highlight class="normal"></highlight></codeline>
<codeline lineno="33"><highlight class="normal"><sp/><sp/></highlight><highlight class="keywordtype">void</highlight><highlight class="normal"><sp/>PrintFPS(</highlight><highlight class="keywordtype">float</highlight><highlight class="normal"><sp/>dt)<sp/>{</highlight></codeline>
<codeline lineno="34"><highlight class="normal"><sp/><sp/><sp/><sp/>std::cout<sp/>&lt;&lt;<sp/></highlight><highlight class="stringliteral">&quot;FPS:<sp/>&quot;</highlight><highlight class="normal"><sp/>&lt;&lt;<sp/>dt<sp/>&lt;&lt;<sp/>std::endl;</highlight></codeline>
<codeline lineno="35"><highlight class="normal"><sp/><sp/>}</highlight></codeline>
<codeline lineno="36"><highlight class="normal"></highlight></codeline>
<codeline lineno="37"><highlight class="normal">}<sp/></highlight><highlight class="comment">//<sp/>Debug</highlight><highlight class="normal"></highlight></codeline>
    </programlisting>
    <location file="D:/Google Drive/Digipen Institute of Technology/GAM 200/GAM200.git/DCEngine/Core/Debug/Debug.cpp"/>
  </compounddef>
</doxygen>
