<?xml version='1.0' encoding='UTF-8' standalone='no'?>
<doxygen xmlns:xsi="http://www.w3.org/2001/XMLSchema-instance" xsi:noNamespaceSchemaLocation="compound.xsd" version="1.8.10">
  <compounddef id="_input_g_l_f_w_8h" kind="file" language="C++">
    <compoundname>InputGLFW.h</compoundname>
    <includedby refid="_window_g_l_f_w_8cpp" local="yes">D:/Google Drive/Digipen Institute of Technology/GAM 200/GAM200.git/DCEngine/Core/Systems/Window/WindowGLFW.cpp</includedby>
    <invincdepgraph>
      <node id="150">
        <label>D:/Google Drive/Digipen Institute of Technology/GAM 200/GAM200.git/DCEngine/Core/Systems/Input/InputGLFW.h</label>
        <link refid="InputGLFW.h"/>
        <childnode refid="151" relation="include">
        </childnode>
      </node>
      <node id="151">
        <label>D:/Google Drive/Digipen Institute of Technology/GAM 200/GAM200.git/DCEngine/Core/Systems/Window/WindowGLFW.cpp</label>
        <link refid="_window_g_l_f_w_8cpp"/>
      </node>
    </invincdepgraph>
    <briefdescription>
    </briefdescription>
    <detaileddescription>
    </detaileddescription>
    <programlisting>
<codeline lineno="1"><highlight class="preprocessor">#pragma<sp/>once</highlight><highlight class="normal"></highlight></codeline>
<codeline lineno="2"><highlight class="normal"></highlight></codeline>
<codeline lineno="3"><highlight class="normal"></highlight><highlight class="comment">//<sp/>I<sp/>want<sp/>to<sp/>be<sp/>able<sp/>to<sp/>place<sp/>the<sp/>input<sp/>callback<sp/>functions<sp/>in<sp/>this<sp/>file</highlight><highlight class="normal"></highlight></codeline>
<codeline lineno="4"><highlight class="normal"></highlight></codeline>
    </programlisting>
    <location file="D:/Google Drive/Digipen Institute of Technology/GAM 200/GAM200.git/DCEngine/Core/Systems/Input/InputGLFW.h"/>
  </compounddef>
</doxygen>
