<?xml version='1.0' encoding='UTF-8' standalone='no'?>
<doxygen xmlns:xsi="http://www.w3.org/2001/XMLSchema-instance" xsi:noNamespaceSchemaLocation="compound.xsd" version="1.8.10">
  <compounddef id="_space_8h" kind="file" language="C++">
    <compoundname>Space.h</compoundname>
    <includes local="no">string</includes>
    <includes local="no">vector</includes>
    <includes local="no">memory</includes>
    <includes refid="_system_8h" local="yes">..\Systems\System.h</includes>
    <includes refid="_entity_8h" local="yes">Entity.h</includes>
    <includes refid="_component_8h" local="yes">Component.h</includes>
    <includedby refid="_engine_8cpp" local="yes">D:/Google Drive/Digipen Institute of Technology/GAM 200/GAM200.git/DCEngine/Core/Engine/Engine.cpp</includedby>
    <includedby refid="_space_8cpp" local="yes">D:/Google Drive/Digipen Institute of Technology/GAM 200/GAM200.git/DCEngine/Core/Engine/Space.cpp</includedby>
    <incdepgraph>
      <node id="107">
        <label>..\Systems\System.h</label>
        <link refid="_system_8h"/>
        <childnode refid="104" relation="include">
        </childnode>
        <childnode refid="106" relation="include">
        </childnode>
        <childnode refid="105" relation="include">
        </childnode>
        <childnode refid="108" relation="include">
        </childnode>
      </node>
      <node id="109">
        <label>cassert</label>
      </node>
      <node id="104">
        <label>string</label>
      </node>
      <node id="103">
        <label>D:/Google Drive/Digipen Institute of Technology/GAM 200/GAM200.git/DCEngine/Core/Engine/Space.h</label>
        <link refid="Space.h"/>
        <childnode refid="104" relation="include">
        </childnode>
        <childnode refid="105" relation="include">
        </childnode>
        <childnode refid="106" relation="include">
        </childnode>
        <childnode refid="107" relation="include">
        </childnode>
        <childnode refid="108" relation="include">
        </childnode>
        <childnode refid="110" relation="include">
        </childnode>
      </node>
      <node id="108">
        <label>..\Engine\Entity.h</label>
        <link refid="_entity_8h_source"/>
        <childnode refid="109" relation="include">
        </childnode>
        <childnode refid="106" relation="include">
        </childnode>
        <childnode refid="105" relation="include">
        </childnode>
        <childnode refid="104" relation="include">
        </childnode>
        <childnode refid="110" relation="include">
        </childnode>
      </node>
      <node id="105">
        <label>vector</label>
      </node>
      <node id="110">
        <label>Component.h</label>
        <link refid="_component_8h"/>
        <childnode refid="106" relation="include">
        </childnode>
        <childnode refid="105" relation="include">
        </childnode>
      </node>
      <node id="106">
        <label>memory</label>
      </node>
    </incdepgraph>
    <invincdepgraph>
      <node id="111">
        <label>D:/Google Drive/Digipen Institute of Technology/GAM 200/GAM200.git/DCEngine/Core/Engine/Space.h</label>
        <link refid="Space.h"/>
        <childnode refid="112" relation="include">
        </childnode>
      </node>
      <node id="112">
        <label>D:/Google Drive/Digipen Institute of Technology/GAM 200/GAM200.git/DCEngine/Core/Engine/Engine.cpp</label>
        <link refid="_engine_8cpp"/>
      </node>
    </invincdepgraph>
    <innerclass refid="class_d_c_engine_1_1_space" prot="public">DCEngine::Space</innerclass>
    <innernamespace refid="namespace_d_c_engine">DCEngine</innernamespace>
    <briefdescription>
<para>The object in which gameobjects interact with one another. </para>    </briefdescription>
    <detaileddescription>
<para><simplesect kind="author"><para>Christian Sagel </para></simplesect>
<simplesect kind="par"><title>email: c.sagel@digipen.edu</title><para></para></simplesect>
<simplesect kind="date"><para>7/30/2015 </para></simplesect>
</para>    </detaileddescription>
    <programlisting>
<codeline lineno="1"><highlight class="comment">/******************************************************************************/</highlight></codeline>
<codeline lineno="9"><highlight class="comment">/******************************************************************************/</highlight><highlight class="normal"></highlight></codeline>
<codeline lineno="10"><highlight class="normal"></highlight><highlight class="preprocessor">#pragma<sp/>once</highlight><highlight class="normal"></highlight></codeline>
<codeline lineno="11"><highlight class="normal"></highlight></codeline>
<codeline lineno="12"><highlight class="normal"></highlight><highlight class="preprocessor">#include<sp/>&lt;string&gt;</highlight><highlight class="normal"></highlight></codeline>
<codeline lineno="13"><highlight class="normal"></highlight><highlight class="preprocessor">#include<sp/>&lt;vector&gt;</highlight><highlight class="normal"></highlight></codeline>
<codeline lineno="14"><highlight class="normal"></highlight><highlight class="preprocessor">#include<sp/>&lt;memory&gt;</highlight><highlight class="normal"></highlight></codeline>
<codeline lineno="15"><highlight class="normal"></highlight></codeline>
<codeline lineno="16"><highlight class="normal"></highlight><highlight class="preprocessor">#include<sp/>&quot;..\Systems\System.h&quot;</highlight><highlight class="normal"></highlight></codeline>
<codeline lineno="17"><highlight class="normal"></highlight><highlight class="preprocessor">#include<sp/>&quot;Entity.h&quot;</highlight><highlight class="normal"></highlight></codeline>
<codeline lineno="18"><highlight class="normal"></highlight><highlight class="preprocessor">#include<sp/>&quot;<ref refid="_component_8h" kindref="compound">Component.h</ref>&quot;</highlight><highlight class="normal"></highlight></codeline>
<codeline lineno="19"><highlight class="normal"></highlight></codeline>
<codeline lineno="20"><highlight class="normal"></highlight><highlight class="keyword">namespace<sp/></highlight><highlight class="normal"><ref refid="namespace_d_c_engine" kindref="compound">DCEngine</ref><sp/>{</highlight></codeline>
<codeline lineno="21"><highlight class="normal"><sp/><sp/></highlight></codeline>
<codeline lineno="22" refid="class_d_c_engine_1_1_space" refkind="compound"><highlight class="normal"><sp/><sp/></highlight><highlight class="keyword">class<sp/></highlight><highlight class="normal"><ref refid="class_d_c_engine_1_1_space" kindref="compound">Space</ref><sp/>{</highlight></codeline>
<codeline lineno="23"><highlight class="normal"><sp/><sp/></highlight></codeline>
<codeline lineno="24"><highlight class="normal"><sp/><sp/></highlight><highlight class="keyword">public</highlight><highlight class="normal">:</highlight></codeline>
<codeline lineno="25"><highlight class="normal"><sp/><sp/><sp/><sp/><ref refid="class_d_c_engine_1_1_space" kindref="compound">Space</ref>(std::string&amp;<sp/>name);</highlight></codeline>
<codeline lineno="26"><highlight class="normal"><sp/><sp/><sp/><sp/>~<ref refid="class_d_c_engine_1_1_space" kindref="compound">Space</ref>();</highlight></codeline>
<codeline lineno="27"><highlight class="normal"></highlight></codeline>
<codeline lineno="28"><highlight class="normal"><sp/><sp/><sp/><sp/></highlight><highlight class="keywordtype">void</highlight><highlight class="normal"><sp/><ref refid="class_d_c_engine_1_1_space_1aa89094484fab236624982dcc6f911b1e" kindref="member">Update</ref>(</highlight><highlight class="keywordtype">float</highlight><highlight class="normal"><sp/>dt);</highlight></codeline>
<codeline lineno="29"><highlight class="normal"></highlight></codeline>
<codeline lineno="30"><highlight class="normal"><sp/><sp/><sp/><sp/></highlight><highlight class="keywordtype">void</highlight><highlight class="normal"><sp/><ref refid="class_d_c_engine_1_1_space_1a8a805d4178b8c302c316abd6c547caa2" kindref="member">AddSystem</ref>(SystemPtr<sp/>system);</highlight></codeline>
<codeline lineno="31"><highlight class="normal"><sp/><sp/><sp/><sp/></highlight><highlight class="keywordtype">void</highlight><highlight class="normal"><sp/>RemoveSystem(std::string<sp/>system);</highlight></codeline>
<codeline lineno="32"><highlight class="normal"></highlight></codeline>
<codeline lineno="33"><highlight class="normal"><sp/><sp/><sp/><sp/>EntityPtr<sp/><ref refid="class_d_c_engine_1_1_space_1a7b3b91567dcabb297efb3813ff872b8b" kindref="member">CreateEntity</ref>();</highlight></codeline>
<codeline lineno="34"><highlight class="normal"><sp/><sp/><sp/><sp/></highlight><highlight class="keywordtype">void</highlight><highlight class="normal"><sp/>AddEntity(EntityPtr);</highlight></codeline>
<codeline lineno="35"><highlight class="normal"><sp/><sp/><sp/><sp/></highlight><highlight class="keywordtype">void</highlight><highlight class="normal"><sp/><ref refid="class_d_c_engine_1_1_space_1acc1abe9447bed6ccbd57a7b055dadb9c" kindref="member">PopulateEntities</ref>(SystemPtr<sp/>sys)<sp/></highlight><highlight class="keyword">const</highlight><highlight class="normal">;</highlight></codeline>
<codeline lineno="36"><highlight class="normal"><sp/><sp/><sp/><sp/></highlight><highlight class="keywordtype">void</highlight><highlight class="normal"><sp/>RemoveEntity(EntityPtr);</highlight></codeline>
<codeline lineno="37"><highlight class="normal"><sp/><sp/><sp/><sp/></highlight><highlight class="keywordtype">void</highlight><highlight class="normal"><sp/><ref refid="class_d_c_engine_1_1_space_1ac294560dd721350c4fbe15b46bcc18f2" kindref="member">Clear</ref>();<sp/></highlight><highlight class="comment">//<sp/>Remves<sp/>all<sp/>entities<sp/>and<sp/>systems</highlight><highlight class="normal"></highlight></codeline>
<codeline lineno="38"><highlight class="normal"></highlight></codeline>
<codeline lineno="39"><highlight class="normal"></highlight></codeline>
<codeline lineno="40"><highlight class="normal"><sp/><sp/></highlight><highlight class="keyword">private</highlight><highlight class="normal">:</highlight></codeline>
<codeline lineno="41"><highlight class="normal"><sp/><sp/><sp/><sp/>std::string<sp/>_name;</highlight></codeline>
<codeline lineno="42"><highlight class="normal"><sp/><sp/><sp/><sp/>EntityPtr<sp/>_camera;</highlight></codeline>
<codeline lineno="43"><highlight class="normal"><sp/><sp/><sp/><sp/>EntityVec<sp/>_entities;</highlight></codeline>
<codeline lineno="44"><highlight class="normal"><sp/><sp/><sp/><sp/>SystemVec<sp/>_systems;<sp/></highlight></codeline>
<codeline lineno="45"><highlight class="normal"></highlight></codeline>
<codeline lineno="46"><highlight class="normal"></highlight></codeline>
<codeline lineno="47"><highlight class="normal"><sp/><sp/><sp/><sp/></highlight><highlight class="comment">//<sp/>Spaces<sp/>should<sp/>never<sp/>be<sp/>default<sp/>or<sp/>copy<sp/>constructed.</highlight><highlight class="normal"></highlight></codeline>
<codeline lineno="48"><highlight class="normal"><sp/><sp/><sp/><sp/><ref refid="class_d_c_engine_1_1_space" kindref="compound">Space</ref>()<sp/>=<sp/></highlight><highlight class="keyword">delete</highlight><highlight class="normal">;</highlight></codeline>
<codeline lineno="49"><highlight class="normal"><sp/><sp/><sp/><sp/><ref refid="class_d_c_engine_1_1_space" kindref="compound">Space</ref>(<ref refid="class_d_c_engine_1_1_space" kindref="compound">Space</ref>&amp;<sp/>space)<sp/>=<sp/></highlight><highlight class="keyword">delete</highlight><highlight class="normal">;</highlight></codeline>
<codeline lineno="50"><highlight class="normal"></highlight></codeline>
<codeline lineno="51"><highlight class="normal"></highlight></codeline>
<codeline lineno="52"><highlight class="normal"><sp/><sp/>};</highlight></codeline>
<codeline lineno="53"><highlight class="normal"></highlight></codeline>
<codeline lineno="54"><highlight class="normal"><sp/><sp/></highlight><highlight class="keyword">using</highlight><highlight class="normal"><sp/>SpacePtr<sp/>=<sp/>std::shared_ptr&lt;Space&gt;;</highlight></codeline>
<codeline lineno="55"><highlight class="normal"></highlight></codeline>
<codeline lineno="56"><highlight class="normal">}</highlight></codeline>
    </programlisting>
    <location file="D:/Google Drive/Digipen Institute of Technology/GAM 200/GAM200.git/DCEngine/Core/Engine/Space.h"/>
  </compounddef>
</doxygen>
