<?xml version='1.0' encoding='UTF-8' standalone='no'?>
<doxygen xmlns:xsi="http://www.w3.org/2001/XMLSchema-instance" xsi:noNamespaceSchemaLocation="compound.xsd" version="1.8.10">
  <compounddef id="_systems_include_8h" kind="file" language="C++">
    <compoundname>SystemsInclude.h</compoundname>
    <includes refid="_window_g_l_f_w_8h" local="yes">../Systems/Window/WindowGLFW.h</includes>
    <includes refid="_graphics_g_l_8h" local="yes">../Systems/Graphics/GraphicsGL.h</includes>
    <includedby refid="_engine_8cpp" local="yes">D:/Google Drive/Digipen Institute of Technology/GAM 200/GAM200.git/DCEngine/Core/Engine/Engine.cpp</includedby>
    <incdepgraph>
      <node id="188">
        <label>..\..\..\Dependencies\include\GLEW\glew.h</label>
      </node>
      <node id="181">
        <label>../System.h</label>
        <link refid="_system_8h"/>
        <childnode refid="182" relation="include">
        </childnode>
        <childnode refid="183" relation="include">
        </childnode>
        <childnode refid="184" relation="include">
        </childnode>
        <childnode refid="185" relation="include">
        </childnode>
      </node>
      <node id="186">
        <label>cassert</label>
      </node>
      <node id="182">
        <label>string</label>
      </node>
      <node id="190">
        <label>../Systems/Graphics/GraphicsGL.h</label>
        <link refid="_graphics_g_l_8h_source"/>
        <childnode refid="181" relation="include">
        </childnode>
        <childnode refid="188" relation="include">
        </childnode>
      </node>
      <node id="185">
        <label>..\Engine\Entity.h</label>
        <link refid="_entity_8h_source"/>
        <childnode refid="186" relation="include">
        </childnode>
        <childnode refid="183" relation="include">
        </childnode>
        <childnode refid="184" relation="include">
        </childnode>
        <childnode refid="182" relation="include">
        </childnode>
        <childnode refid="187" relation="include">
        </childnode>
      </node>
      <node id="184">
        <label>vector</label>
      </node>
      <node id="180">
        <label>../Systems/Window/WindowGLFW.h</label>
        <link refid="_window_g_l_f_w_8h"/>
        <childnode refid="181" relation="include">
        </childnode>
        <childnode refid="188" relation="include">
        </childnode>
        <childnode refid="189" relation="include">
        </childnode>
      </node>
      <node id="179">
        <label>D:/Google Drive/Digipen Institute of Technology/GAM 200/GAM200.git/DCEngine/Core/Systems/SystemsInclude.h</label>
        <link refid="SystemsInclude.h"/>
        <childnode refid="180" relation="include">
        </childnode>
        <childnode refid="190" relation="include">
        </childnode>
      </node>
      <node id="187">
        <label>Component.h</label>
        <link refid="_component_8h"/>
        <childnode refid="183" relation="include">
        </childnode>
        <childnode refid="184" relation="include">
        </childnode>
      </node>
      <node id="183">
        <label>memory</label>
      </node>
      <node id="189">
        <label>..\..\..\Dependencies\include\GLFW\glfw3.h</label>
      </node>
    </incdepgraph>
    <invincdepgraph>
      <node id="192">
        <label>D:/Google Drive/Digipen Institute of Technology/GAM 200/GAM200.git/DCEngine/Core/Engine/Engine.cpp</label>
        <link refid="_engine_8cpp"/>
      </node>
      <node id="191">
        <label>D:/Google Drive/Digipen Institute of Technology/GAM 200/GAM200.git/DCEngine/Core/Systems/SystemsInclude.h</label>
        <link refid="SystemsInclude.h"/>
        <childnode refid="192" relation="include">
        </childnode>
      </node>
    </invincdepgraph>
    <briefdescription>
    </briefdescription>
    <detaileddescription>
    </detaileddescription>
    <programlisting>
<codeline lineno="1"><highlight class="preprocessor">#pragma<sp/>once</highlight><highlight class="normal"></highlight></codeline>
<codeline lineno="2"><highlight class="normal"></highlight></codeline>
<codeline lineno="3"><highlight class="normal"></highlight><highlight class="comment">/*</highlight></codeline>
<codeline lineno="4"><highlight class="comment"><sp/><sp/><sp/><sp/>WINDOW<sp/>HANDLING</highlight></codeline>
<codeline lineno="5"><highlight class="comment"><sp/><sp/><sp/><sp/><sp/><sp/><sp/><sp/><sp/><sp/><sp/><sp/><sp/><sp/><sp/><sp/><sp/><sp/><sp/><sp/><sp/><sp/>*/</highlight><highlight class="normal"></highlight></codeline>
<codeline lineno="6"><highlight class="normal"></highlight><highlight class="preprocessor">#include<sp/>&quot;../Systems/Window/WindowGLFW.h&quot;</highlight><highlight class="normal"></highlight></codeline>
<codeline lineno="7"><highlight class="normal"></highlight></codeline>
<codeline lineno="8"><highlight class="normal"></highlight><highlight class="comment">/*</highlight></codeline>
<codeline lineno="9"><highlight class="comment"><sp/><sp/><sp/><sp/>GRAPHICS</highlight></codeline>
<codeline lineno="10"><highlight class="comment"><sp/><sp/><sp/><sp/><sp/><sp/><sp/><sp/><sp/><sp/><sp/><sp/><sp/><sp/><sp/><sp/>*/</highlight><highlight class="normal"></highlight></codeline>
<codeline lineno="11"><highlight class="normal"></highlight><highlight class="preprocessor">#include<sp/>&quot;../Systems/Graphics/GraphicsGL.h&quot;</highlight></codeline>
    </programlisting>
    <location file="D:/Google Drive/Digipen Institute of Technology/GAM 200/GAM200.git/DCEngine/Core/Systems/SystemsInclude.h"/>
  </compounddef>
</doxygen>
