<?xml version='1.0' encoding='UTF-8' standalone='no'?>
<doxygen xmlns:xsi="http://www.w3.org/2001/XMLSchema-instance" xsi:noNamespaceSchemaLocation="compound.xsd" version="1.8.10">
  <compounddef id="_window_g_l_f_w_8h" kind="file" language="C++">
    <compoundname>WindowGLFW.h</compoundname>
    <includes refid="_system_8h" local="yes">../System.h</includes>
    <includes local="yes">..\..\..\Dependencies\include\GLEW\glew.h</includes>
    <includes local="yes">..\..\..\Dependencies\include\GLFW\glfw3.h</includes>
    <includedby refid="_systems_include_8h" local="yes">D:/Google Drive/Digipen Institute of Technology/GAM 200/GAM200.git/DCEngine/Core/Systems/SystemsInclude.h</includedby>
    <includedby refid="_window_g_l_f_w_8cpp" local="yes">D:/Google Drive/Digipen Institute of Technology/GAM 200/GAM200.git/DCEngine/Core/Systems/Window/WindowGLFW.cpp</includedby>
    <incdepgraph>
      <node id="217">
        <label>..\..\..\Dependencies\include\GLEW\glew.h</label>
      </node>
      <node id="210">
        <label>../System.h</label>
        <link refid="_system_8h"/>
        <childnode refid="211" relation="include">
        </childnode>
        <childnode refid="212" relation="include">
        </childnode>
        <childnode refid="213" relation="include">
        </childnode>
        <childnode refid="214" relation="include">
        </childnode>
      </node>
      <node id="215">
        <label>cassert</label>
      </node>
      <node id="211">
        <label>string</label>
      </node>
      <node id="214">
        <label>..\Engine\Entity.h</label>
        <link refid="_entity_8h_source"/>
        <childnode refid="215" relation="include">
        </childnode>
        <childnode refid="212" relation="include">
        </childnode>
        <childnode refid="213" relation="include">
        </childnode>
        <childnode refid="211" relation="include">
        </childnode>
        <childnode refid="216" relation="include">
        </childnode>
      </node>
      <node id="213">
        <label>vector</label>
      </node>
      <node id="209">
        <label>D:/Google Drive/Digipen Institute of Technology/GAM 200/GAM200.git/DCEngine/Core/Systems/Window/WindowGLFW.h</label>
        <link refid="WindowGLFW.h"/>
        <childnode refid="210" relation="include">
        </childnode>
        <childnode refid="217" relation="include">
        </childnode>
        <childnode refid="218" relation="include">
        </childnode>
      </node>
      <node id="216">
        <label>Component.h</label>
        <link refid="_component_8h"/>
        <childnode refid="212" relation="include">
        </childnode>
        <childnode refid="213" relation="include">
        </childnode>
      </node>
      <node id="212">
        <label>memory</label>
      </node>
      <node id="218">
        <label>..\..\..\Dependencies\include\GLFW\glfw3.h</label>
      </node>
    </incdepgraph>
    <invincdepgraph>
      <node id="222">
        <label>D:/Google Drive/Digipen Institute of Technology/GAM 200/GAM200.git/DCEngine/Core/Systems/Window/WindowGLFW.cpp</label>
        <link refid="_window_g_l_f_w_8cpp"/>
      </node>
      <node id="221">
        <label>D:/Google Drive/Digipen Institute of Technology/GAM 200/GAM200.git/DCEngine/Core/Engine/Engine.cpp</label>
        <link refid="_engine_8cpp"/>
      </node>
      <node id="219">
        <label>D:/Google Drive/Digipen Institute of Technology/GAM 200/GAM200.git/DCEngine/Core/Systems/Window/WindowGLFW.h</label>
        <link refid="WindowGLFW.h"/>
        <childnode refid="220" relation="include">
        </childnode>
        <childnode refid="222" relation="include">
        </childnode>
      </node>
      <node id="220">
        <label>D:/Google Drive/Digipen Institute of Technology/GAM 200/GAM200.git/DCEngine/Core/Systems/SystemsInclude.h</label>
        <link refid="_systems_include_8h_source"/>
        <childnode refid="221" relation="include">
        </childnode>
      </node>
    </invincdepgraph>
    <innerclass refid="class_d_c_engine_1_1_systems_1_1_window_g_l_f_w" prot="public">DCEngine::Systems::WindowGLFW</innerclass>
    <innernamespace refid="namespace_d_c_engine">DCEngine</innernamespace>
    <innernamespace refid="namespace_d_c_engine_1_1_systems">DCEngine::Systems</innernamespace>
      <sectiondef kind="define">
      <memberdef kind="define" id="_window_g_l_f_w_8h_1abcde84ea0ef5f934384e4620f092c85a" prot="public" static="no">
        <name>GLEW_STATIC</name>
        <briefdescription>
        </briefdescription>
        <detaileddescription>
        </detaileddescription>
        <inbodydescription>
        </inbodydescription>
        <location file="D:/Google Drive/Digipen Institute of Technology/GAM 200/GAM200.git/DCEngine/Core/Systems/Window/WindowGLFW.h" line="22" column="9" bodyfile="D:/Google Drive/Digipen Institute of Technology/GAM 200/GAM200.git/DCEngine/Core/Systems/Window/WindowGLFW.h" bodystart="22" bodyend="-1"/>
      </memberdef>
      <memberdef kind="define" id="_window_g_l_f_w_8h_1a6bf1cba79fa31ad73b546f6afb4f9404" prot="public" static="no">
        <name>GLFW_BUILD_DLL</name>
        <briefdescription>
        </briefdescription>
        <detaileddescription>
        </detaileddescription>
        <inbodydescription>
        </inbodydescription>
        <location file="D:/Google Drive/Digipen Institute of Technology/GAM 200/GAM200.git/DCEngine/Core/Systems/Window/WindowGLFW.h" line="25" column="9" bodyfile="D:/Google Drive/Digipen Institute of Technology/GAM 200/GAM200.git/DCEngine/Core/Systems/Window/WindowGLFW.h" bodystart="25" bodyend="-1"/>
      </memberdef>
      </sectiondef>
    <briefdescription>
<para>The x. </para>    </briefdescription>
    <detaileddescription>
<para><simplesect kind="author"><para>Christian Sagel </para></simplesect>
<simplesect kind="par"><title>email: c.sagel@digipen.edu</title><para></para></simplesect>
<simplesect kind="date"><para>8/1/2015 Functions include:<itemizedlist>
<listitem><para>Name Description here. </para></listitem></itemizedlist>
</para></simplesect>
</para>    </detaileddescription>
    <programlisting>
<codeline lineno="1"><highlight class="comment">/******************************************************************************/</highlight></codeline>
<codeline lineno="15"><highlight class="comment">/******************************************************************************/</highlight><highlight class="normal"></highlight></codeline>
<codeline lineno="16"><highlight class="normal"></highlight></codeline>
<codeline lineno="17"><highlight class="normal"></highlight><highlight class="preprocessor">#pragma<sp/>once</highlight><highlight class="normal"></highlight></codeline>
<codeline lineno="18"><highlight class="normal"></highlight></codeline>
<codeline lineno="19"><highlight class="normal"></highlight><highlight class="preprocessor">#include<sp/>&quot;../System.h&quot;</highlight><highlight class="normal"></highlight></codeline>
<codeline lineno="20"><highlight class="normal"></highlight></codeline>
<codeline lineno="21"><highlight class="normal"></highlight><highlight class="comment">//<sp/>GLEW</highlight><highlight class="normal"></highlight></codeline>
<codeline lineno="22"><highlight class="normal"></highlight><highlight class="preprocessor">#define<sp/>GLEW_STATIC</highlight><highlight class="normal"></highlight></codeline>
<codeline lineno="23"><highlight class="normal"></highlight><highlight class="preprocessor">#include<sp/>&quot;..\..\..\Dependencies\include\GLEW\glew.h&quot;</highlight><highlight class="normal"></highlight></codeline>
<codeline lineno="24"><highlight class="normal"></highlight><highlight class="comment">//<sp/>GLFW</highlight><highlight class="normal"></highlight></codeline>
<codeline lineno="25"><highlight class="normal"></highlight><highlight class="preprocessor">#define<sp/>GLFW_BUILD_DLL</highlight><highlight class="normal"></highlight></codeline>
<codeline lineno="26"><highlight class="normal"></highlight><highlight class="preprocessor">#include<sp/>&quot;..\..\..\Dependencies\include\GLFW\glfw3.h&quot;</highlight><highlight class="normal"></highlight></codeline>
<codeline lineno="27"><highlight class="normal"></highlight></codeline>
<codeline lineno="28"><highlight class="normal"></highlight></codeline>
<codeline lineno="29"><highlight class="normal"></highlight><highlight class="keyword">namespace<sp/></highlight><highlight class="normal"><ref refid="namespace_d_c_engine" kindref="compound">DCEngine</ref><sp/>{</highlight></codeline>
<codeline lineno="30"><highlight class="normal"><sp/><sp/></highlight><highlight class="keyword">namespace<sp/></highlight><highlight class="normal">Systems<sp/>{</highlight></codeline>
<codeline lineno="31"><highlight class="normal"></highlight></codeline>
<codeline lineno="32" refid="class_d_c_engine_1_1_systems_1_1_window_g_l_f_w" refkind="compound"><highlight class="normal"><sp/><sp/><sp/><sp/></highlight><highlight class="keyword">class<sp/></highlight><highlight class="normal"><ref refid="class_d_c_engine_1_1_systems_1_1_window_g_l_f_w" kindref="compound">WindowGLFW</ref><sp/>:<sp/></highlight><highlight class="keyword">public</highlight><highlight class="normal"><sp/><ref refid="class_d_c_engine_1_1_system" kindref="compound">System</ref><sp/>{</highlight></codeline>
<codeline lineno="33"><highlight class="normal"><sp/><sp/><sp/><sp/></highlight><highlight class="keyword">public</highlight><highlight class="normal">:</highlight></codeline>
<codeline lineno="34"><highlight class="normal"></highlight></codeline>
<codeline lineno="35"><highlight class="normal"><sp/><sp/><sp/><sp/><sp/><sp/><ref refid="class_d_c_engine_1_1_systems_1_1_window_g_l_f_w_1a31c2b6c1fd1eedebebbd46e93a25fa78" kindref="member">WindowGLFW</ref>();</highlight></codeline>
<codeline lineno="36"><highlight class="normal"><sp/><sp/><sp/><sp/><sp/><sp/></highlight><highlight class="keywordtype">void</highlight><highlight class="normal"><sp/><ref refid="class_d_c_engine_1_1_systems_1_1_window_g_l_f_w_1ac7ae83e32fa53469db47d007725491f7" kindref="member">Initialize</ref>();</highlight></codeline>
<codeline lineno="37"><highlight class="normal"><sp/><sp/><sp/><sp/><sp/><sp/></highlight><highlight class="keywordtype">void</highlight><highlight class="normal"><sp/><ref refid="class_d_c_engine_1_1_systems_1_1_window_g_l_f_w_1aacb64154bec4046bb18105a886e140af" kindref="member">Update</ref>(</highlight><highlight class="keywordtype">float</highlight><highlight class="normal"><sp/>dt);</highlight></codeline>
<codeline lineno="38"><highlight class="normal"><sp/><sp/><sp/><sp/><sp/><sp/></highlight><highlight class="keywordtype">void</highlight><highlight class="normal"><sp/><ref refid="class_d_c_engine_1_1_systems_1_1_window_g_l_f_w_1abeadd8d68952d364d9753b3b05941e83" kindref="member">Terminate</ref>();</highlight></codeline>
<codeline lineno="39"><highlight class="normal"></highlight></codeline>
<codeline lineno="40"><highlight class="normal"></highlight></codeline>
<codeline lineno="41"><highlight class="normal"><sp/><sp/><sp/><sp/><sp/><sp/></highlight><highlight class="keywordtype">void</highlight><highlight class="normal"><sp/><ref refid="class_d_c_engine_1_1_systems_1_1_window_g_l_f_w_1a09d7b716caed459967d25d527c950f28" kindref="member">StartFrame</ref>();</highlight></codeline>
<codeline lineno="42"><highlight class="normal"><sp/><sp/><sp/><sp/><sp/><sp/></highlight><highlight class="keywordtype">void</highlight><highlight class="normal"><sp/><ref refid="class_d_c_engine_1_1_systems_1_1_window_g_l_f_w_1a35fda5b7925aa2c54d07b731c5b8ec3f" kindref="member">EndFrame</ref>();</highlight></codeline>
<codeline lineno="43"><highlight class="normal"></highlight></codeline>
<codeline lineno="44"><highlight class="normal"></highlight></codeline>
<codeline lineno="45"><highlight class="normal"><sp/><sp/><sp/><sp/></highlight><highlight class="keyword">private</highlight><highlight class="normal">:</highlight></codeline>
<codeline lineno="46"><highlight class="normal"><sp/><sp/><sp/><sp/><sp/><sp/></highlight><highlight class="keywordtype">void</highlight><highlight class="normal"><sp/>PollEvents();</highlight></codeline>
<codeline lineno="47"><highlight class="normal"><sp/><sp/><sp/><sp/><sp/><sp/></highlight><highlight class="keywordtype">void</highlight><highlight class="normal"><sp/>ViewportUpdate();</highlight></codeline>
<codeline lineno="48"><highlight class="normal"></highlight></codeline>
<codeline lineno="49"><highlight class="normal"><sp/><sp/><sp/><sp/><sp/><sp/></highlight><highlight class="keyword">inline</highlight><highlight class="normal"><sp/></highlight><highlight class="keyword">static</highlight><highlight class="normal"><sp/></highlight><highlight class="keyword">auto</highlight><highlight class="normal"><sp/>KeyCallback(GLFWwindow*<sp/>win,</highlight></codeline>
<codeline lineno="50"><highlight class="normal"><sp/><sp/><sp/><sp/><sp/><sp/><sp/><sp/></highlight><highlight class="keywordtype">int</highlight><highlight class="normal"><sp/>key,<sp/></highlight><highlight class="keywordtype">int</highlight><highlight class="normal"><sp/>scancode,</highlight></codeline>
<codeline lineno="51"><highlight class="normal"><sp/><sp/><sp/><sp/><sp/><sp/><sp/><sp/></highlight><highlight class="keywordtype">int</highlight><highlight class="normal"><sp/>action,<sp/></highlight><highlight class="keywordtype">int</highlight><highlight class="normal"><sp/>mode)<sp/>{</highlight></codeline>
<codeline lineno="52"><highlight class="normal"><sp/><sp/><sp/><sp/><sp/><sp/><sp/><sp/><ref refid="class_d_c_engine_1_1_systems_1_1_window_g_l_f_w" kindref="compound">WindowGLFW</ref>*<sp/>window<sp/>=<sp/></highlight><highlight class="keyword">static_cast&lt;</highlight><highlight class="normal"><ref refid="class_d_c_engine_1_1_systems_1_1_window_g_l_f_w" kindref="compound">WindowGLFW</ref>*</highlight><highlight class="keyword">&gt;</highlight><highlight class="normal">(glfwGetWindowUserPointer(win));</highlight></codeline>
<codeline lineno="53"><highlight class="normal"></highlight></codeline>
<codeline lineno="54"><highlight class="normal"><sp/><sp/><sp/><sp/><sp/><sp/><sp/><sp/></highlight><highlight class="keywordflow">switch</highlight><highlight class="normal"><sp/>(key)<sp/>{</highlight></codeline>
<codeline lineno="55"><highlight class="normal"><sp/><sp/><sp/><sp/><sp/><sp/><sp/><sp/></highlight><highlight class="keywordflow">case</highlight><highlight class="normal"><sp/>GLFW_KEY_ESCAPE:</highlight></codeline>
<codeline lineno="56"><highlight class="normal"><sp/><sp/><sp/><sp/><sp/><sp/><sp/><sp/><sp/><sp/></highlight><highlight class="keywordflow">if</highlight><highlight class="normal"><sp/>(action<sp/>==<sp/>GLFW_PRESS)<sp/>{</highlight></codeline>
<codeline lineno="57"><highlight class="normal"><sp/><sp/><sp/><sp/><sp/><sp/><sp/><sp/><sp/><sp/><sp/><sp/>glfwSetWindowShouldClose(win,<sp/>GL_TRUE);</highlight></codeline>
<codeline lineno="58"><highlight class="normal"><sp/><sp/><sp/><sp/><sp/><sp/><sp/><sp/><sp/><sp/><sp/><sp/></highlight><highlight class="keywordflow">break</highlight><highlight class="normal">;</highlight></codeline>
<codeline lineno="59"><highlight class="normal"><sp/><sp/><sp/><sp/><sp/><sp/><sp/><sp/><sp/><sp/>}</highlight></codeline>
<codeline lineno="60"><highlight class="normal"><sp/><sp/><sp/><sp/><sp/><sp/><sp/><sp/></highlight><highlight class="keywordflow">case</highlight><highlight class="normal"><sp/>GLFW_KEY_F1:</highlight></codeline>
<codeline lineno="61"><highlight class="normal"><sp/><sp/><sp/><sp/><sp/><sp/><sp/><sp/><sp/><sp/></highlight><highlight class="keywordflow">break</highlight><highlight class="normal">;</highlight></codeline>
<codeline lineno="62"><highlight class="normal"><sp/><sp/><sp/><sp/><sp/><sp/><sp/><sp/>}</highlight></codeline>
<codeline lineno="63"><highlight class="normal"><sp/><sp/><sp/><sp/><sp/><sp/>}</highlight></codeline>
<codeline lineno="64"><highlight class="normal"><sp/><sp/><sp/><sp/><sp/><sp/></highlight></codeline>
<codeline lineno="65"><highlight class="normal"><sp/><sp/><sp/><sp/><sp/><sp/>GLFWwindow*<sp/>_window;<sp/><sp/><sp/><sp/><sp/><sp/></highlight></codeline>
<codeline lineno="66"><highlight class="normal"></highlight></codeline>
<codeline lineno="67"><highlight class="normal"><sp/><sp/><sp/><sp/><sp/><sp/></highlight><highlight class="keyword">const</highlight><highlight class="normal"><sp/>GLuint<sp/>_width<sp/>=<sp/>800;</highlight></codeline>
<codeline lineno="68"><highlight class="normal"><sp/><sp/><sp/><sp/><sp/><sp/></highlight><highlight class="keyword">const</highlight><highlight class="normal"><sp/>GLuint<sp/>_height<sp/>=<sp/>600;</highlight></codeline>
<codeline lineno="69"><highlight class="normal"></highlight></codeline>
<codeline lineno="70"><highlight class="normal"></highlight></codeline>
<codeline lineno="71"><highlight class="normal"><sp/><sp/><sp/><sp/>};</highlight></codeline>
<codeline lineno="72"><highlight class="normal"></highlight></codeline>
<codeline lineno="73"><highlight class="normal"></highlight></codeline>
<codeline lineno="74"><highlight class="normal"></highlight></codeline>
<codeline lineno="75"><highlight class="normal"></highlight></codeline>
<codeline lineno="76"><highlight class="normal"><sp/><sp/>}<sp/></highlight><highlight class="comment">//<sp/>Systems</highlight><highlight class="normal"></highlight></codeline>
<codeline lineno="77"><highlight class="normal">}<sp/></highlight><highlight class="comment">//<sp/>DCEngine</highlight><highlight class="normal"></highlight></codeline>
    </programlisting>
    <location file="D:/Google Drive/Digipen Institute of Technology/GAM 200/GAM200.git/DCEngine/Core/Systems/Window/WindowGLFW.h"/>
  </compounddef>
</doxygen>
