<?xml version='1.0' encoding='UTF-8' standalone='no'?>
<doxygen xmlns:xsi="http://www.w3.org/2001/XMLSchema-instance" xsi:noNamespaceSchemaLocation="compound.xsd" version="1.8.10">
  <compounddef id="class_d_c_engine_1_1_systems_1_1_graphics_g_l" kind="class" language="C++" prot="public">
    <compoundname>DCEngine::Systems::GraphicsGL</compoundname>
    <basecompoundref refid="class_d_c_engine_1_1_system" prot="public" virt="non-virtual">DCEngine::System</basecompoundref>
      <sectiondef kind="public-func">
      <memberdef kind="function" id="class_d_c_engine_1_1_systems_1_1_graphics_g_l_1a7da36709bb2595bde76eb0fde43e129d" prot="public" static="no" const="no" explicit="no" inline="no" virt="non-virtual">
        <type></type>
        <definition>DCEngine::Systems::GraphicsGL::GraphicsGL</definition>
        <argsstring>()</argsstring>
        <name>GraphicsGL</name>
        <briefdescription>
<para>The constructor for the <ref refid="class_d_c_engine_1_1_engine" kindref="compound">Engine</ref> object. </para>        </briefdescription>
        <detaileddescription>
        </detaileddescription>
        <inbodydescription>
        </inbodydescription>
        <location file="D:/Google Drive/Digipen Institute of Technology/GAM 200/GAM200.git/DCEngine/Core/Systems/Graphics/GraphicsGL.h" line="24" column="1" bodyfile="D:/Google Drive/Digipen Institute of Technology/GAM 200/GAM200.git/DCEngine/Core/Systems/Graphics/GraphicsGL.cpp" bodystart="23" bodyend="25"/>
      </memberdef>
      <memberdef kind="function" id="class_d_c_engine_1_1_systems_1_1_graphics_g_l_1a4729992064dbbc04575f695347d8a296" prot="public" static="no" const="no" explicit="no" inline="no" virt="virtual">
        <type>void</type>
        <definition>void DCEngine::Systems::GraphicsGL::Initialize</definition>
        <argsstring>()</argsstring>
        <name>Initialize</name>
        <reimplements refid="class_d_c_engine_1_1_system_1aaa724b7d16242b08dd82a16bdd1e62e4">Initialize</reimplements>
        <briefdescription>
<para>The constructor for the <ref refid="class_d_c_engine_1_1_engine" kindref="compound">Engine</ref> object. </para>        </briefdescription>
        <detaileddescription>
        </detaileddescription>
        <inbodydescription>
        </inbodydescription>
        <location file="D:/Google Drive/Digipen Institute of Technology/GAM 200/GAM200.git/DCEngine/Core/Systems/Graphics/GraphicsGL.h" line="26" column="1" bodyfile="D:/Google Drive/Digipen Institute of Technology/GAM 200/GAM200.git/DCEngine/Core/Systems/Graphics/GraphicsGL.cpp" bodystart="32" bodyend="34"/>
      </memberdef>
      <memberdef kind="function" id="class_d_c_engine_1_1_systems_1_1_graphics_g_l_1acf90675210727ccdd53b4c96e3528823" prot="public" static="no" const="no" explicit="no" inline="no" virt="virtual">
        <type>void</type>
        <definition>void DCEngine::Systems::GraphicsGL::Update</definition>
        <argsstring>(float dt)</argsstring>
        <name>Update</name>
        <reimplements refid="class_d_c_engine_1_1_system_1a7a9a1fc31f9f64bd665253c330dff8f2">Update</reimplements>
        <param>
          <type>float</type>
          <declname>dt</declname>
        </param>
        <briefdescription>
<para>The constructor for the <ref refid="class_d_c_engine_1_1_engine" kindref="compound">Engine</ref> object. </para>        </briefdescription>
        <detaileddescription>
        </detaileddescription>
        <inbodydescription>
        </inbodydescription>
        <location file="D:/Google Drive/Digipen Institute of Technology/GAM 200/GAM200.git/DCEngine/Core/Systems/Graphics/GraphicsGL.h" line="27" column="1" bodyfile="D:/Google Drive/Digipen Institute of Technology/GAM 200/GAM200.git/DCEngine/Core/Systems/Graphics/GraphicsGL.cpp" bodystart="41" bodyend="43"/>
      </memberdef>
      <memberdef kind="function" id="class_d_c_engine_1_1_systems_1_1_graphics_g_l_1a40c2268945c41fa364a60ca1b425df94" prot="public" static="no" const="no" explicit="no" inline="no" virt="virtual">
        <type>void</type>
        <definition>void DCEngine::Systems::GraphicsGL::Terminate</definition>
        <argsstring>()</argsstring>
        <name>Terminate</name>
        <reimplements refid="class_d_c_engine_1_1_system_1a236b4262ba170b5e218f8091245bc7c3">Terminate</reimplements>
        <briefdescription>
        </briefdescription>
        <detaileddescription>
        </detaileddescription>
        <inbodydescription>
        </inbodydescription>
        <location file="D:/Google Drive/Digipen Institute of Technology/GAM 200/GAM200.git/DCEngine/Core/Systems/Graphics/GraphicsGL.h" line="28" column="1" bodyfile="D:/Google Drive/Digipen Institute of Technology/GAM 200/GAM200.git/DCEngine/Core/Systems/Graphics/GraphicsGL.cpp" bodystart="50" bodyend="51"/>
      </memberdef>
      </sectiondef>
    <briefdescription>
    </briefdescription>
    <detaileddescription>
    </detaileddescription>
    <inheritancegraph>
      <node id="7">
        <label>DCEngine::System</label>
        <link refid="class_d_c_engine_1_1_system"/>
      </node>
      <node id="6">
        <label>DCEngine::Systems::GraphicsGL</label>
        <link refid="class_d_c_engine_1_1_systems_1_1_graphics_g_l"/>
        <childnode refid="7" relation="public-inheritance">
        </childnode>
      </node>
    </inheritancegraph>
    <collaborationgraph>
      <node id="9">
        <label>DCEngine::System</label>
        <link refid="class_d_c_engine_1_1_system"/>
      </node>
      <node id="8">
        <label>DCEngine::Systems::GraphicsGL</label>
        <link refid="class_d_c_engine_1_1_systems_1_1_graphics_g_l"/>
        <childnode refid="9" relation="public-inheritance">
        </childnode>
      </node>
    </collaborationgraph>
    <location file="D:/Google Drive/Digipen Institute of Technology/GAM 200/GAM200.git/DCEngine/Core/Systems/Graphics/GraphicsGL.h" line="21" column="1" bodyfile="D:/Google Drive/Digipen Institute of Technology/GAM 200/GAM200.git/DCEngine/Core/Systems/Graphics/GraphicsGL.h" bodystart="21" bodyend="34"/>
    <listofallmembers>
      <member refid="class_d_c_engine_1_1_system_1ad2c9bfaf50eb092b11eca44c50003792" prot="protected" virt="non-virtual"><scope>DCEngine::Systems::GraphicsGL</scope><name>_entities</name></member>
      <member refid="class_d_c_engine_1_1_system_1ab9c1e1c908ad61cdc96b2bfbf1be3387" prot="protected" virt="non-virtual"><scope>DCEngine::Systems::GraphicsGL</scope><name>_mask</name></member>
      <member refid="class_d_c_engine_1_1_system_1ac87c16a4ddaf36fefd3747facf817d08" prot="protected" virt="non-virtual"><scope>DCEngine::Systems::GraphicsGL</scope><name>_name</name></member>
      <member refid="class_d_c_engine_1_1_system_1a5edcef5d0bed27b80ed6fa7437476fb7" prot="protected" virt="non-virtual"><scope>DCEngine::Systems::GraphicsGL</scope><name>_type</name></member>
      <member refid="class_d_c_engine_1_1_system_1a1a484ac0c8d5a10150154ef9b5470b79" prot="public" virt="non-virtual"><scope>DCEngine::Systems::GraphicsGL</scope><name>ClearEntities</name></member>
      <member refid="class_d_c_engine_1_1_systems_1_1_graphics_g_l_1a7da36709bb2595bde76eb0fde43e129d" prot="public" virt="non-virtual"><scope>DCEngine::Systems::GraphicsGL</scope><name>GraphicsGL</name></member>
      <member refid="class_d_c_engine_1_1_systems_1_1_graphics_g_l_1a4729992064dbbc04575f695347d8a296" prot="public" virt="virtual"><scope>DCEngine::Systems::GraphicsGL</scope><name>Initialize</name></member>
      <member refid="class_d_c_engine_1_1_system_1ab52f759a9ebedeba5e759edb3be9e8cc" prot="public" virt="non-virtual"><scope>DCEngine::Systems::GraphicsGL</scope><name>Mask</name></member>
      <member refid="class_d_c_engine_1_1_system_1ac0b8cac597bf207ccfd9bb60a8955e79" prot="public" virt="non-virtual"><scope>DCEngine::Systems::GraphicsGL</scope><name>System</name></member>
      <member refid="class_d_c_engine_1_1_systems_1_1_graphics_g_l_1a40c2268945c41fa364a60ca1b425df94" prot="public" virt="virtual"><scope>DCEngine::Systems::GraphicsGL</scope><name>Terminate</name></member>
      <member refid="class_d_c_engine_1_1_systems_1_1_graphics_g_l_1acf90675210727ccdd53b4c96e3528823" prot="public" virt="virtual"><scope>DCEngine::Systems::GraphicsGL</scope><name>Update</name></member>
    </listofallmembers>
  </compounddef>
</doxygen>
