<?xml version='1.0' encoding='UTF-8' standalone='no'?>
<doxygen xmlns:xsi="http://www.w3.org/2001/XMLSchema-instance" xsi:noNamespaceSchemaLocation="compound.xsd" version="1.8.10">
  <compounddef id="dir_5c45366b23e26f7ab7dba2cf4b5a5745" kind="dir">
    <compoundname>D:/Google Drive/Digipen Institute of Technology/GAM 200/GAM200.git/DCEngine/Core/Systems</compoundname>
    <innerdir refid="dir_e17209fb85b2b1c77e98d32ae6a80e95">D:/Google Drive/Digipen Institute of Technology/GAM 200/GAM200.git/DCEngine/Core/Systems/Graphics</innerdir>
    <innerdir refid="dir_631fa01fc5752cee64ad65bb661fdbff">D:/Google Drive/Digipen Institute of Technology/GAM 200/GAM200.git/DCEngine/Core/Systems/Input</innerdir>
    <innerdir refid="dir_cdbf91ee267864a33c9aca4e08c33f86">D:/Google Drive/Digipen Institute of Technology/GAM 200/GAM200.git/DCEngine/Core/Systems/Window</innerdir>
    <innerfile refid="_system_8cpp">System.cpp</innerfile>
    <innerfile refid="_system_8h">System.h</innerfile>
    <innerfile refid="_systems_include_8h">SystemsInclude.h</innerfile>
    <briefdescription>
    </briefdescription>
    <detaileddescription>
    </detaileddescription>
    <location file="D:/Google Drive/Digipen Institute of Technology/GAM 200/GAM200.git/DCEngine/Core/Systems/"/>
  </compounddef>
</doxygen>
