<?xml version='1.0' encoding='UTF-8' standalone='no'?>
<doxygen xmlns:xsi="http://www.w3.org/2001/XMLSchema-instance" xsi:noNamespaceSchemaLocation="compound.xsd" version="1.8.10">
  <compounddef id="dir_cdbf91ee267864a33c9aca4e08c33f86" kind="dir">
    <compoundname>D:/Google Drive/Digipen Institute of Technology/GAM 200/GAM200.git/DCEngine/Core/Systems/Window</compoundname>
    <innerfile refid="_window_g_l_f_w_8cpp">WindowGLFW.cpp</innerfile>
    <innerfile refid="_window_g_l_f_w_8h">WindowGLFW.h</innerfile>
    <briefdescription>
    </briefdescription>
    <detaileddescription>
    </detaileddescription>
    <location file="D:/Google Drive/Digipen Institute of Technology/GAM 200/GAM200.git/DCEngine/Core/Systems/Window/"/>
  </compounddef>
</doxygen>
