<?xml version='1.0' encoding='UTF-8' standalone='no'?>
<doxygen xmlns:xsi="http://www.w3.org/2001/XMLSchema-instance" xsi:noNamespaceSchemaLocation="compound.xsd" version="1.8.10">
  <compounddef id="_graphics_g_l_8h" kind="file" language="C++">
    <compoundname>GraphicsGL.h</compoundname>
    <includes refid="_system_8h" local="yes">..\System.h</includes>
    <includes local="yes">..\..\..\Dependencies\include\GLEW\glew.h</includes>
    <includedby refid="_systems_include_8h" local="yes">D:/Google Drive/Digipen Institute of Technology/GAM 200/GAM200.git/DCEngine/Core/Systems/SystemsInclude.h</includedby>
    <includedby refid="_graphics_g_l_8cpp" local="yes">D:/Google Drive/Digipen Institute of Technology/GAM 200/GAM200.git/DCEngine/Core/Systems/Graphics/GraphicsGL.cpp</includedby>
    <incdepgraph>
      <node id="144">
        <label>..\..\..\Dependencies\include\GLEW\glew.h</label>
      </node>
      <node id="137">
        <label>..\System.h</label>
        <link refid="_system_8h"/>
        <childnode refid="138" relation="include">
        </childnode>
        <childnode refid="139" relation="include">
        </childnode>
        <childnode refid="140" relation="include">
        </childnode>
        <childnode refid="141" relation="include">
        </childnode>
      </node>
      <node id="142">
        <label>cassert</label>
      </node>
      <node id="138">
        <label>string</label>
      </node>
      <node id="136">
        <label>D:/Google Drive/Digipen Institute of Technology/GAM 200/GAM200.git/DCEngine/Core/Systems/Graphics/GraphicsGL.h</label>
        <link refid="GraphicsGL.h"/>
        <childnode refid="137" relation="include">
        </childnode>
        <childnode refid="144" relation="include">
        </childnode>
      </node>
      <node id="141">
        <label>..\Engine\Entity.h</label>
        <link refid="_entity_8h_source"/>
        <childnode refid="142" relation="include">
        </childnode>
        <childnode refid="139" relation="include">
        </childnode>
        <childnode refid="140" relation="include">
        </childnode>
        <childnode refid="138" relation="include">
        </childnode>
        <childnode refid="143" relation="include">
        </childnode>
      </node>
      <node id="140">
        <label>vector</label>
      </node>
      <node id="143">
        <label>Component.h</label>
        <link refid="_component_8h"/>
        <childnode refid="139" relation="include">
        </childnode>
        <childnode refid="140" relation="include">
        </childnode>
      </node>
      <node id="139">
        <label>memory</label>
      </node>
    </incdepgraph>
    <invincdepgraph>
      <node id="145">
        <label>D:/Google Drive/Digipen Institute of Technology/GAM 200/GAM200.git/DCEngine/Core/Systems/Graphics/GraphicsGL.h</label>
        <link refid="GraphicsGL.h"/>
        <childnode refid="146" relation="include">
        </childnode>
        <childnode refid="148" relation="include">
        </childnode>
      </node>
      <node id="147">
        <label>D:/Google Drive/Digipen Institute of Technology/GAM 200/GAM200.git/DCEngine/Core/Engine/Engine.cpp</label>
        <link refid="_engine_8cpp"/>
      </node>
      <node id="148">
        <label>D:/Google Drive/Digipen Institute of Technology/GAM 200/GAM200.git/DCEngine/Core/Systems/Graphics/GraphicsGL.cpp</label>
        <link refid="_graphics_g_l_8cpp"/>
      </node>
      <node id="146">
        <label>D:/Google Drive/Digipen Institute of Technology/GAM 200/GAM200.git/DCEngine/Core/Systems/SystemsInclude.h</label>
        <link refid="_systems_include_8h_source"/>
        <childnode refid="147" relation="include">
        </childnode>
      </node>
    </invincdepgraph>
    <innerclass refid="class_d_c_engine_1_1_systems_1_1_graphics_g_l" prot="public">DCEngine::Systems::GraphicsGL</innerclass>
    <innernamespace refid="namespace_d_c_engine">DCEngine</innernamespace>
    <innernamespace refid="namespace_d_c_engine_1_1_systems">DCEngine::Systems</innernamespace>
      <sectiondef kind="define">
      <memberdef kind="define" id="_graphics_g_l_8h_1abcde84ea0ef5f934384e4620f092c85a" prot="public" static="no">
        <name>GLEW_STATIC</name>
        <briefdescription>
        </briefdescription>
        <detaileddescription>
        </detaileddescription>
        <inbodydescription>
        </inbodydescription>
        <location file="D:/Google Drive/Digipen Institute of Technology/GAM 200/GAM200.git/DCEngine/Core/Systems/Graphics/GraphicsGL.h" line="15" column="9" bodyfile="D:/Google Drive/Digipen Institute of Technology/GAM 200/GAM200.git/DCEngine/Core/Systems/Graphics/GraphicsGL.h" bodystart="15" bodyend="-1"/>
      </memberdef>
      </sectiondef>
    <briefdescription>
    </briefdescription>
    <detaileddescription>
    </detaileddescription>
    <programlisting>
<codeline lineno="1"><highlight class="comment">/******************************************************************************/</highlight></codeline>
<codeline lineno="10"><highlight class="comment">/******************************************************************************/</highlight><highlight class="normal"></highlight></codeline>
<codeline lineno="11"><highlight class="normal"></highlight><highlight class="preprocessor">#pragma<sp/>once</highlight><highlight class="normal"></highlight></codeline>
<codeline lineno="12"><highlight class="normal"></highlight></codeline>
<codeline lineno="13"><highlight class="normal"></highlight><highlight class="preprocessor">#include<sp/>&quot;..\System.h&quot;</highlight><highlight class="normal"></highlight></codeline>
<codeline lineno="14"><highlight class="normal"></highlight></codeline>
<codeline lineno="15"><highlight class="normal"></highlight><highlight class="preprocessor">#define<sp/>GLEW_STATIC</highlight><highlight class="normal"></highlight></codeline>
<codeline lineno="16"><highlight class="normal"></highlight><highlight class="preprocessor">#include<sp/>&quot;..\..\..\Dependencies\include\GLEW\glew.h&quot;</highlight><highlight class="normal"></highlight></codeline>
<codeline lineno="17"><highlight class="normal"></highlight></codeline>
<codeline lineno="18"><highlight class="normal"></highlight><highlight class="keyword">namespace<sp/></highlight><highlight class="normal"><ref refid="namespace_d_c_engine" kindref="compound">DCEngine</ref><sp/>{</highlight></codeline>
<codeline lineno="19"><highlight class="normal"><sp/><sp/></highlight><highlight class="keyword">namespace<sp/></highlight><highlight class="normal">Systems<sp/>{</highlight></codeline>
<codeline lineno="20"><highlight class="normal"></highlight></codeline>
<codeline lineno="21" refid="class_d_c_engine_1_1_systems_1_1_graphics_g_l" refkind="compound"><highlight class="normal"><sp/><sp/><sp/><sp/></highlight><highlight class="keyword">class<sp/></highlight><highlight class="normal"><ref refid="class_d_c_engine_1_1_systems_1_1_graphics_g_l" kindref="compound">GraphicsGL</ref><sp/>:<sp/></highlight><highlight class="keyword">public</highlight><highlight class="normal"><sp/><ref refid="class_d_c_engine_1_1_system" kindref="compound">System</ref><sp/>{</highlight></codeline>
<codeline lineno="22"><highlight class="normal"><sp/><sp/><sp/><sp/></highlight></codeline>
<codeline lineno="23"><highlight class="normal"><sp/><sp/><sp/><sp/></highlight><highlight class="keyword">public</highlight><highlight class="normal">:</highlight></codeline>
<codeline lineno="24"><highlight class="normal"><sp/><sp/><sp/><sp/><sp/><sp/><ref refid="class_d_c_engine_1_1_systems_1_1_graphics_g_l_1a7da36709bb2595bde76eb0fde43e129d" kindref="member">GraphicsGL</ref>();</highlight></codeline>
<codeline lineno="25"><highlight class="normal"><sp/><sp/><sp/><sp/><sp/><sp/></highlight></codeline>
<codeline lineno="26"><highlight class="normal"><sp/><sp/><sp/><sp/><sp/><sp/></highlight><highlight class="keywordtype">void</highlight><highlight class="normal"><sp/><ref refid="class_d_c_engine_1_1_systems_1_1_graphics_g_l_1a4729992064dbbc04575f695347d8a296" kindref="member">Initialize</ref>();</highlight></codeline>
<codeline lineno="27"><highlight class="normal"><sp/><sp/><sp/><sp/><sp/><sp/></highlight><highlight class="keywordtype">void</highlight><highlight class="normal"><sp/><ref refid="class_d_c_engine_1_1_systems_1_1_graphics_g_l_1acf90675210727ccdd53b4c96e3528823" kindref="member">Update</ref>(</highlight><highlight class="keywordtype">float</highlight><highlight class="normal"><sp/>dt);</highlight></codeline>
<codeline lineno="28"><highlight class="normal"><sp/><sp/><sp/><sp/><sp/><sp/></highlight><highlight class="keywordtype">void</highlight><highlight class="normal"><sp/>Terminate();</highlight></codeline>
<codeline lineno="29"><highlight class="normal"></highlight></codeline>
<codeline lineno="30"><highlight class="normal"><sp/><sp/><sp/><sp/></highlight><highlight class="keyword">private</highlight><highlight class="normal">:</highlight></codeline>
<codeline lineno="31"><highlight class="normal"></highlight></codeline>
<codeline lineno="32"><highlight class="normal"></highlight></codeline>
<codeline lineno="33"><highlight class="normal"></highlight></codeline>
<codeline lineno="34"><highlight class="normal"><sp/><sp/><sp/><sp/>};</highlight></codeline>
<codeline lineno="35"><highlight class="normal"></highlight></codeline>
<codeline lineno="36"><highlight class="normal"><sp/><sp/>}</highlight></codeline>
<codeline lineno="37"><highlight class="normal"></highlight></codeline>
<codeline lineno="38"><highlight class="normal">}</highlight></codeline>
    </programlisting>
    <location file="D:/Google Drive/Digipen Institute of Technology/GAM 200/GAM200.git/DCEngine/Core/Systems/Graphics/GraphicsGL.h"/>
  </compounddef>
</doxygen>
