<?xml version='1.0' encoding='UTF-8' standalone='no'?>
<doxygen xmlns:xsi="http://www.w3.org/2001/XMLSchema-instance" xsi:noNamespaceSchemaLocation="compound.xsd" version="1.8.10">
  <compounddef id="_graphics_g_l_8cpp" kind="file" language="C++">
    <compoundname>GraphicsGL.cpp</compoundname>
    <includes refid="_graphics_g_l_8h" local="yes">GraphicsGL.h</includes>
    <includes refid="_debug_8h" local="yes">..\..\Debug\Debug.h</includes>
    <incdepgraph>
      <node id="133">
        <label>..\..\Debug\Debug.h</label>
        <link refid="_debug_8h"/>
        <childnode refid="126" relation="include">
        </childnode>
        <childnode refid="134" relation="include">
        </childnode>
      </node>
      <node id="132">
        <label>..\..\..\Dependencies\include\GLEW\glew.h</label>
      </node>
      <node id="125">
        <label>..\System.h</label>
        <link refid="_system_8h"/>
        <childnode refid="126" relation="include">
        </childnode>
        <childnode refid="127" relation="include">
        </childnode>
        <childnode refid="128" relation="include">
        </childnode>
        <childnode refid="129" relation="include">
        </childnode>
      </node>
      <node id="130">
        <label>cassert</label>
      </node>
      <node id="126">
        <label>string</label>
      </node>
      <node id="124">
        <label>GraphicsGL.h</label>
        <link refid="_graphics_g_l_8h_source"/>
        <childnode refid="125" relation="include">
        </childnode>
        <childnode refid="132" relation="include">
        </childnode>
      </node>
      <node id="129">
        <label>..\Engine\Entity.h</label>
        <link refid="_entity_8h_source"/>
        <childnode refid="130" relation="include">
        </childnode>
        <childnode refid="127" relation="include">
        </childnode>
        <childnode refid="128" relation="include">
        </childnode>
        <childnode refid="126" relation="include">
        </childnode>
        <childnode refid="131" relation="include">
        </childnode>
      </node>
      <node id="128">
        <label>vector</label>
      </node>
      <node id="123">
        <label>D:/Google Drive/Digipen Institute of Technology/GAM 200/GAM200.git/DCEngine/Core/Systems/Graphics/GraphicsGL.cpp</label>
        <link refid="GraphicsGL.cpp"/>
        <childnode refid="124" relation="include">
        </childnode>
        <childnode refid="133" relation="include">
        </childnode>
      </node>
      <node id="134">
        <label>iostream</label>
      </node>
      <node id="131">
        <label>Component.h</label>
        <link refid="_component_8h"/>
        <childnode refid="127" relation="include">
        </childnode>
        <childnode refid="128" relation="include">
        </childnode>
      </node>
      <node id="127">
        <label>memory</label>
      </node>
    </incdepgraph>
    <innernamespace refid="namespace_d_c_engine">DCEngine</innernamespace>
    <innernamespace refid="namespace_d_c_engine_1_1_systems">DCEngine::Systems</innernamespace>
    <briefdescription>
<para>The. </para>    </briefdescription>
    <detaileddescription>
<para><simplesect kind="author"><para>Christian Sagel </para></simplesect>
<simplesect kind="par"><title>email: c.sagel@digipen.edu</title><para></para></simplesect>
<simplesect kind="date"><para>7/30/2015 </para></simplesect>
</para>    </detaileddescription>
    <programlisting>
<codeline lineno="1"><highlight class="comment">/******************************************************************************/</highlight></codeline>
<codeline lineno="10"><highlight class="comment">/******************************************************************************/</highlight><highlight class="normal"></highlight></codeline>
<codeline lineno="11"><highlight class="normal"></highlight><highlight class="preprocessor">#include<sp/>&quot;GraphicsGL.h&quot;</highlight><highlight class="normal"></highlight></codeline>
<codeline lineno="12"><highlight class="normal"></highlight></codeline>
<codeline lineno="13"><highlight class="normal"></highlight><highlight class="preprocessor">#include<sp/>&quot;..\..\Debug\Debug.h&quot;</highlight><highlight class="normal"></highlight></codeline>
<codeline lineno="14"><highlight class="normal"></highlight></codeline>
<codeline lineno="15"><highlight class="normal"></highlight><highlight class="keyword">namespace<sp/></highlight><highlight class="normal"><ref refid="namespace_d_c_engine" kindref="compound">DCEngine</ref><sp/>{</highlight></codeline>
<codeline lineno="16"><highlight class="normal"><sp/><sp/></highlight><highlight class="keyword">namespace<sp/></highlight><highlight class="normal">Systems<sp/>{</highlight></codeline>
<codeline lineno="17"><highlight class="normal"></highlight></codeline>
<codeline lineno="18"><highlight class="normal"><sp/><sp/><sp/><sp/></highlight><highlight class="comment">/**************************************************************************/</highlight></codeline>
<codeline lineno="22"><highlight class="normal"><sp/><sp/><sp/><sp/></highlight><highlight class="comment">/**************************************************************************/</highlight><highlight class="normal"></highlight></codeline>
<codeline lineno="23"><highlight class="normal"><sp/><sp/><sp/><sp/><ref refid="class_d_c_engine_1_1_systems_1_1_graphics_g_l_1a7da36709bb2595bde76eb0fde43e129d" kindref="member">GraphicsGL::GraphicsGL</ref>()<sp/>:<sp/>System(std::string(</highlight><highlight class="stringliteral">&quot;GraphicsGLSystem&quot;</highlight><highlight class="normal">),<sp/>EnumeratedSystem::GraphicsGL)<sp/>{</highlight></codeline>
<codeline lineno="24"><highlight class="normal"><sp/><sp/><sp/><sp/><sp/><sp/></highlight></codeline>
<codeline lineno="25"><highlight class="normal"><sp/><sp/><sp/><sp/>}</highlight></codeline>
<codeline lineno="26"><highlight class="normal"><sp/><sp/><sp/><sp/></highlight></codeline>
<codeline lineno="27"><highlight class="normal"><sp/><sp/><sp/><sp/></highlight><highlight class="comment">/**************************************************************************/</highlight></codeline>
<codeline lineno="31"><highlight class="normal"><sp/><sp/><sp/><sp/></highlight><highlight class="comment">/**************************************************************************/</highlight><highlight class="normal"></highlight></codeline>
<codeline lineno="32"><highlight class="normal"><sp/><sp/><sp/><sp/></highlight><highlight class="keywordtype">void</highlight><highlight class="normal"><sp/>GraphicsGL::Initialize()<sp/>{</highlight></codeline>
<codeline lineno="33"><highlight class="normal"><sp/><sp/><sp/><sp/><sp/><sp/>Debug::PrintString(</highlight><highlight class="stringliteral">&quot;GraphicsGL::Initialize&quot;</highlight><highlight class="normal">);</highlight></codeline>
<codeline lineno="34"><highlight class="normal"><sp/><sp/><sp/><sp/>}</highlight></codeline>
<codeline lineno="35"><highlight class="normal"></highlight></codeline>
<codeline lineno="36"><highlight class="normal"><sp/><sp/><sp/><sp/></highlight><highlight class="comment">/**************************************************************************/</highlight></codeline>
<codeline lineno="40"><highlight class="normal"><sp/><sp/><sp/><sp/></highlight><highlight class="comment">/**************************************************************************/</highlight><highlight class="normal"></highlight></codeline>
<codeline lineno="41"><highlight class="normal"><sp/><sp/><sp/><sp/></highlight><highlight class="keywordtype">void</highlight><highlight class="normal"><sp/>GraphicsGL::Update(</highlight><highlight class="keywordtype">float</highlight><highlight class="normal"><sp/>dt)<sp/>{</highlight></codeline>
<codeline lineno="42"><highlight class="normal"><sp/><sp/><sp/><sp/><sp/><sp/>Debug::PrintString(</highlight><highlight class="stringliteral">&quot;GraphicsGL::Update&quot;</highlight><highlight class="normal">);</highlight></codeline>
<codeline lineno="43"><highlight class="normal"><sp/><sp/><sp/><sp/>}</highlight></codeline>
<codeline lineno="44"><highlight class="normal"></highlight></codeline>
<codeline lineno="45"><highlight class="normal"><sp/><sp/><sp/><sp/></highlight><highlight class="comment">/**************************************************************************/</highlight></codeline>
<codeline lineno="49"><highlight class="normal"><sp/><sp/><sp/><sp/></highlight><highlight class="comment">/**************************************************************************/</highlight><highlight class="normal"></highlight></codeline>
<codeline lineno="50"><highlight class="normal"><sp/><sp/><sp/><sp/></highlight><highlight class="keywordtype">void</highlight><highlight class="normal"><sp/>GraphicsGL::Terminate()<sp/>{</highlight></codeline>
<codeline lineno="51"><highlight class="normal"><sp/><sp/><sp/><sp/>}</highlight></codeline>
<codeline lineno="52"><highlight class="normal"></highlight></codeline>
<codeline lineno="53"><highlight class="normal"></highlight></codeline>
<codeline lineno="54"><highlight class="normal"></highlight></codeline>
<codeline lineno="55"><highlight class="normal"></highlight></codeline>
<codeline lineno="56"><highlight class="normal"><sp/><sp/>}</highlight></codeline>
<codeline lineno="57"><highlight class="normal"></highlight></codeline>
<codeline lineno="58"><highlight class="normal"></highlight></codeline>
<codeline lineno="59"><highlight class="normal">}</highlight></codeline>
<codeline lineno="60"><highlight class="normal"></highlight></codeline>
    </programlisting>
    <location file="D:/Google Drive/Digipen Institute of Technology/GAM 200/GAM200.git/DCEngine/Core/Systems/Graphics/GraphicsGL.cpp"/>
  </compounddef>
</doxygen>
