<?xml version='1.0' encoding='UTF-8' standalone='no'?>
<doxygen xmlns:xsi="http://www.w3.org/2001/XMLSchema-instance" xsi:noNamespaceSchemaLocation="compound.xsd" version="1.8.10">
  <compounddef id="class_d_c_engine_1_1_system" kind="class" language="C++" prot="public" abstract="yes">
    <compoundname>DCEngine::System</compoundname>
    <derivedcompoundref refid="class_d_c_engine_1_1_systems_1_1_graphics_g_l" prot="public" virt="non-virtual">DCEngine::Systems::GraphicsGL</derivedcompoundref>
    <derivedcompoundref refid="class_d_c_engine_1_1_systems_1_1_window_g_l_f_w" prot="public" virt="non-virtual">DCEngine::Systems::WindowGLFW</derivedcompoundref>
      <sectiondef kind="friend">
      <memberdef kind="friend" id="class_d_c_engine_1_1_system_1a2129e6c0ac73536a2ac4f681dae16947" prot="public" static="no" const="no" explicit="no" inline="no" virt="non-virtual">
        <type>friend class</type>
        <definition>friend class Space</definition>
        <argsstring></argsstring>
        <name>Space</name>
        <briefdescription>
        </briefdescription>
        <detaileddescription>
        </detaileddescription>
        <inbodydescription>
        </inbodydescription>
        <location file="D:/Google Drive/Digipen Institute of Technology/GAM 200/GAM200.git/DCEngine/Core/Systems/System.h" line="49" column="1" bodyfile="D:/Google Drive/Digipen Institute of Technology/GAM 200/GAM200.git/DCEngine/Core/Systems/System.h" bodystart="49" bodyend="-1"/>
      </memberdef>
      <memberdef kind="friend" id="class_d_c_engine_1_1_system_1a3e1914489e4bed4f9f23cdeab34a43dc" prot="public" static="no" const="no" explicit="no" inline="no" virt="non-virtual">
        <type>friend class</type>
        <definition>friend class Engine</definition>
        <argsstring></argsstring>
        <name>Engine</name>
        <briefdescription>
        </briefdescription>
        <detaileddescription>
        </detaileddescription>
        <inbodydescription>
        </inbodydescription>
        <location file="D:/Google Drive/Digipen Institute of Technology/GAM 200/GAM200.git/DCEngine/Core/Systems/System.h" line="50" column="1" bodyfile="D:/Google Drive/Digipen Institute of Technology/GAM 200/GAM200.git/DCEngine/Core/Systems/System.h" bodystart="50" bodyend="-1"/>
      </memberdef>
      </sectiondef>
      <sectiondef kind="protected-attrib">
      <memberdef kind="variable" id="class_d_c_engine_1_1_system_1ac87c16a4ddaf36fefd3747facf817d08" prot="protected" static="no" mutable="no">
        <type>std::string</type>
        <definition>std::string DCEngine::System::_name</definition>
        <argsstring></argsstring>
        <name>_name</name>
        <briefdescription>
        </briefdescription>
        <detaileddescription>
        </detaileddescription>
        <inbodydescription>
        </inbodydescription>
        <location file="D:/Google Drive/Digipen Institute of Technology/GAM 200/GAM200.git/DCEngine/Core/Systems/System.h" line="56" column="1" bodyfile="D:/Google Drive/Digipen Institute of Technology/GAM 200/GAM200.git/DCEngine/Core/Systems/System.h" bodystart="56" bodyend="-1"/>
      </memberdef>
      <memberdef kind="variable" id="class_d_c_engine_1_1_system_1a5edcef5d0bed27b80ed6fa7437476fb7" prot="protected" static="no" mutable="no">
        <type>const ESys</type>
        <definition>const ESys DCEngine::System::_type</definition>
        <argsstring></argsstring>
        <name>_type</name>
        <briefdescription>
        </briefdescription>
        <detaileddescription>
        </detaileddescription>
        <inbodydescription>
        </inbodydescription>
        <location file="D:/Google Drive/Digipen Institute of Technology/GAM 200/GAM200.git/DCEngine/Core/Systems/System.h" line="57" column="1" bodyfile="D:/Google Drive/Digipen Institute of Technology/GAM 200/GAM200.git/DCEngine/Core/Systems/System.h" bodystart="57" bodyend="-1"/>
      </memberdef>
      <memberdef kind="variable" id="class_d_c_engine_1_1_system_1ad2c9bfaf50eb092b11eca44c50003792" prot="protected" static="no" mutable="no">
        <type>EntityVec</type>
        <definition>EntityVec DCEngine::System::_entities</definition>
        <argsstring></argsstring>
        <name>_entities</name>
        <briefdescription>
        </briefdescription>
        <detaileddescription>
        </detaileddescription>
        <inbodydescription>
        </inbodydescription>
        <location file="D:/Google Drive/Digipen Institute of Technology/GAM 200/GAM200.git/DCEngine/Core/Systems/System.h" line="58" column="1" bodyfile="D:/Google Drive/Digipen Institute of Technology/GAM 200/GAM200.git/DCEngine/Core/Systems/System.h" bodystart="58" bodyend="-1"/>
      </memberdef>
      <memberdef kind="variable" id="class_d_c_engine_1_1_system_1ab9c1e1c908ad61cdc96b2bfbf1be3387" prot="protected" static="no" mutable="no">
        <type>mask</type>
        <definition>mask DCEngine::System::_mask</definition>
        <argsstring></argsstring>
        <name>_mask</name>
        <briefdescription>
        </briefdescription>
        <detaileddescription>
        </detaileddescription>
        <inbodydescription>
        </inbodydescription>
        <location file="D:/Google Drive/Digipen Institute of Technology/GAM 200/GAM200.git/DCEngine/Core/Systems/System.h" line="59" column="1" bodyfile="D:/Google Drive/Digipen Institute of Technology/GAM 200/GAM200.git/DCEngine/Core/Systems/System.h" bodystart="59" bodyend="-1"/>
      </memberdef>
      </sectiondef>
      <sectiondef kind="public-func">
      <memberdef kind="function" id="class_d_c_engine_1_1_system_1ac0b8cac597bf207ccfd9bb60a8955e79" prot="public" static="no" const="no" explicit="no" inline="yes" virt="non-virtual">
        <type></type>
        <definition>DCEngine::System::System</definition>
        <argsstring>(std::string &amp;name, ESys type)</argsstring>
        <name>System</name>
        <param>
          <type>std::string &amp;</type>
          <declname>name</declname>
        </param>
        <param>
          <type>ESys</type>
          <declname>type</declname>
        </param>
        <briefdescription>
        </briefdescription>
        <detaileddescription>
        </detaileddescription>
        <inbodydescription>
        </inbodydescription>
        <location file="D:/Google Drive/Digipen Institute of Technology/GAM 200/GAM200.git/DCEngine/Core/Systems/System.h" line="36" column="1" bodyfile="D:/Google Drive/Digipen Institute of Technology/GAM 200/GAM200.git/DCEngine/Core/Systems/System.h" bodystart="36" bodyend="38"/>
      </memberdef>
      <memberdef kind="function" id="class_d_c_engine_1_1_system_1aaa724b7d16242b08dd82a16bdd1e62e4" prot="public" static="no" const="no" explicit="no" inline="no" virt="pure-virtual">
        <type>void</type>
        <definition>virtual void DCEngine::System::Initialize</definition>
        <argsstring>()=0</argsstring>
        <name>Initialize</name>
        <reimplementedby refid="class_d_c_engine_1_1_systems_1_1_graphics_g_l_1a4729992064dbbc04575f695347d8a296">Initialize</reimplementedby>
        <reimplementedby refid="class_d_c_engine_1_1_systems_1_1_window_g_l_f_w_1ac7ae83e32fa53469db47d007725491f7">Initialize</reimplementedby>
        <briefdescription>
        </briefdescription>
        <detaileddescription>
        </detaileddescription>
        <inbodydescription>
        </inbodydescription>
        <location file="D:/Google Drive/Digipen Institute of Technology/GAM 200/GAM200.git/DCEngine/Core/Systems/System.h" line="40" column="1"/>
      </memberdef>
      <memberdef kind="function" id="class_d_c_engine_1_1_system_1a7a9a1fc31f9f64bd665253c330dff8f2" prot="public" static="no" const="no" explicit="no" inline="no" virt="pure-virtual">
        <type>void</type>
        <definition>virtual void DCEngine::System::Update</definition>
        <argsstring>(float dt)=0</argsstring>
        <name>Update</name>
        <reimplementedby refid="class_d_c_engine_1_1_systems_1_1_graphics_g_l_1acf90675210727ccdd53b4c96e3528823">Update</reimplementedby>
        <reimplementedby refid="class_d_c_engine_1_1_systems_1_1_window_g_l_f_w_1aacb64154bec4046bb18105a886e140af">Update</reimplementedby>
        <param>
          <type>float</type>
          <declname>dt</declname>
        </param>
        <briefdescription>
        </briefdescription>
        <detaileddescription>
        </detaileddescription>
        <inbodydescription>
        </inbodydescription>
        <location file="D:/Google Drive/Digipen Institute of Technology/GAM 200/GAM200.git/DCEngine/Core/Systems/System.h" line="41" column="1"/>
      </memberdef>
      <memberdef kind="function" id="class_d_c_engine_1_1_system_1a236b4262ba170b5e218f8091245bc7c3" prot="public" static="no" const="no" explicit="no" inline="no" virt="pure-virtual">
        <type>void</type>
        <definition>virtual void DCEngine::System::Terminate</definition>
        <argsstring>()=0</argsstring>
        <name>Terminate</name>
        <reimplementedby refid="class_d_c_engine_1_1_systems_1_1_graphics_g_l_1a40c2268945c41fa364a60ca1b425df94">Terminate</reimplementedby>
        <reimplementedby refid="class_d_c_engine_1_1_systems_1_1_window_g_l_f_w_1abeadd8d68952d364d9753b3b05941e83">Terminate</reimplementedby>
        <briefdescription>
        </briefdescription>
        <detaileddescription>
        </detaileddescription>
        <inbodydescription>
        </inbodydescription>
        <location file="D:/Google Drive/Digipen Institute of Technology/GAM 200/GAM200.git/DCEngine/Core/Systems/System.h" line="42" column="1"/>
      </memberdef>
      <memberdef kind="function" id="class_d_c_engine_1_1_system_1a1a484ac0c8d5a10150154ef9b5470b79" prot="public" static="no" const="no" explicit="no" inline="no" virt="non-virtual">
        <type>void</type>
        <definition>void DCEngine::System::ClearEntities</definition>
        <argsstring>()</argsstring>
        <name>ClearEntities</name>
        <briefdescription>
        </briefdescription>
        <detaileddescription>
        </detaileddescription>
        <inbodydescription>
        </inbodydescription>
        <location file="D:/Google Drive/Digipen Institute of Technology/GAM 200/GAM200.git/DCEngine/Core/Systems/System.h" line="44" column="1" bodyfile="D:/Google Drive/Digipen Institute of Technology/GAM 200/GAM200.git/DCEngine/Core/Systems/System.cpp" bodystart="14" bodyend="16"/>
      </memberdef>
      <memberdef kind="function" id="class_d_c_engine_1_1_system_1ab52f759a9ebedeba5e759edb3be9e8cc" prot="public" static="no" const="no" explicit="no" inline="yes" virt="non-virtual">
        <type>mask</type>
        <definition>mask DCEngine::System::Mask</definition>
        <argsstring>()</argsstring>
        <name>Mask</name>
        <briefdescription>
        </briefdescription>
        <detaileddescription>
        </detaileddescription>
        <inbodydescription>
        </inbodydescription>
        <location file="D:/Google Drive/Digipen Institute of Technology/GAM 200/GAM200.git/DCEngine/Core/Systems/System.h" line="46" column="1" bodyfile="D:/Google Drive/Digipen Institute of Technology/GAM 200/GAM200.git/DCEngine/Core/Systems/System.h" bodystart="46" bodyend="46"/>
      </memberdef>
      </sectiondef>
      <sectiondef kind="private-func">
      <memberdef kind="function" id="class_d_c_engine_1_1_system_1a6c967aee673c0b79b69f5fd2a0af7764" prot="private" static="no" const="no" explicit="no" inline="no" virt="non-virtual">
        <type></type>
        <definition>DCEngine::System::System</definition>
        <argsstring>()=delete</argsstring>
        <name>System</name>
        <briefdescription>
        </briefdescription>
        <detaileddescription>
        </detaileddescription>
        <inbodydescription>
        </inbodydescription>
        <location file="D:/Google Drive/Digipen Institute of Technology/GAM 200/GAM200.git/DCEngine/Core/Systems/System.h" line="53" column="1"/>
      </memberdef>
      </sectiondef>
    <briefdescription>
    </briefdescription>
    <detaileddescription>
    </detaileddescription>
    <inheritancegraph>
      <node id="12">
        <label>DCEngine::System</label>
        <link refid="class_d_c_engine_1_1_system"/>
      </node>
      <node id="14">
        <label>DCEngine::Systems::WindowGLFW</label>
        <link refid="class_d_c_engine_1_1_systems_1_1_window_g_l_f_w"/>
        <childnode refid="12" relation="public-inheritance">
        </childnode>
      </node>
      <node id="13">
        <label>DCEngine::Systems::GraphicsGL</label>
        <link refid="class_d_c_engine_1_1_systems_1_1_graphics_g_l"/>
        <childnode refid="12" relation="public-inheritance">
        </childnode>
      </node>
    </inheritancegraph>
    <location file="D:/Google Drive/Digipen Institute of Technology/GAM 200/GAM200.git/DCEngine/Core/Systems/System.h" line="33" column="1" bodyfile="D:/Google Drive/Digipen Institute of Technology/GAM 200/GAM200.git/DCEngine/Core/Systems/System.h" bodystart="33" bodyend="61"/>
    <listofallmembers>
      <member refid="class_d_c_engine_1_1_system_1ad2c9bfaf50eb092b11eca44c50003792" prot="protected" virt="non-virtual"><scope>DCEngine::System</scope><name>_entities</name></member>
      <member refid="class_d_c_engine_1_1_system_1ab9c1e1c908ad61cdc96b2bfbf1be3387" prot="protected" virt="non-virtual"><scope>DCEngine::System</scope><name>_mask</name></member>
      <member refid="class_d_c_engine_1_1_system_1ac87c16a4ddaf36fefd3747facf817d08" prot="protected" virt="non-virtual"><scope>DCEngine::System</scope><name>_name</name></member>
      <member refid="class_d_c_engine_1_1_system_1a5edcef5d0bed27b80ed6fa7437476fb7" prot="protected" virt="non-virtual"><scope>DCEngine::System</scope><name>_type</name></member>
      <member refid="class_d_c_engine_1_1_system_1a1a484ac0c8d5a10150154ef9b5470b79" prot="public" virt="non-virtual"><scope>DCEngine::System</scope><name>ClearEntities</name></member>
      <member refid="class_d_c_engine_1_1_system_1a3e1914489e4bed4f9f23cdeab34a43dc" prot="public" virt="non-virtual"><scope>DCEngine::System</scope><name>Engine</name></member>
      <member refid="class_d_c_engine_1_1_system_1aaa724b7d16242b08dd82a16bdd1e62e4" prot="public" virt="pure-virtual"><scope>DCEngine::System</scope><name>Initialize</name></member>
      <member refid="class_d_c_engine_1_1_system_1ab52f759a9ebedeba5e759edb3be9e8cc" prot="public" virt="non-virtual"><scope>DCEngine::System</scope><name>Mask</name></member>
      <member refid="class_d_c_engine_1_1_system_1a2129e6c0ac73536a2ac4f681dae16947" prot="public" virt="non-virtual"><scope>DCEngine::System</scope><name>Space</name></member>
      <member refid="class_d_c_engine_1_1_system_1ac0b8cac597bf207ccfd9bb60a8955e79" prot="public" virt="non-virtual"><scope>DCEngine::System</scope><name>System</name></member>
      <member refid="class_d_c_engine_1_1_system_1a6c967aee673c0b79b69f5fd2a0af7764" prot="private" virt="non-virtual"><scope>DCEngine::System</scope><name>System</name></member>
      <member refid="class_d_c_engine_1_1_system_1a236b4262ba170b5e218f8091245bc7c3" prot="public" virt="pure-virtual"><scope>DCEngine::System</scope><name>Terminate</name></member>
      <member refid="class_d_c_engine_1_1_system_1a7a9a1fc31f9f64bd665253c330dff8f2" prot="public" virt="pure-virtual"><scope>DCEngine::System</scope><name>Update</name></member>
    </listofallmembers>
  </compounddef>
</doxygen>
