<?xml version='1.0' encoding='UTF-8' standalone='no'?>
<doxygen xmlns:xsi="http://www.w3.org/2001/XMLSchema-instance" xsi:noNamespaceSchemaLocation="compound.xsd" version="1.8.10">
  <compounddef id="class_d_c_engine_1_1_systems_1_1_window_s_f_m_l" kind="class" language="C++" prot="public">
    <compoundname>DCEngine::Systems::WindowSFML</compoundname>
    <basecompoundref refid="class_d_c_engine_1_1_system" prot="public" virt="non-virtual">DCEngine::System</basecompoundref>
      <sectiondef kind="private-attrib">
      <memberdef kind="variable" id="class_d_c_engine_1_1_systems_1_1_window_s_f_m_l_1af84ef63fde64ad72a5960156da04e672" prot="private" static="no" mutable="no">
        <type>sf::Window</type>
        <definition>sf::Window DCEngine::Systems::WindowSFML::_Window</definition>
        <argsstring></argsstring>
        <name>_Window</name>
        <briefdescription>
        </briefdescription>
        <detaileddescription>
        </detaileddescription>
        <inbodydescription>
        </inbodydescription>
        <location file="D:/Google Drive/Digipen Institute of Technology/GAM 200/GAM200.git/DCEngine/Core/Systems/Window/WindowSFML.h" line="23" column="1" bodyfile="D:/Google Drive/Digipen Institute of Technology/GAM 200/GAM200.git/DCEngine/Core/Systems/Window/WindowSFML.h" bodystart="23" bodyend="-1"/>
      </memberdef>
      <memberdef kind="variable" id="class_d_c_engine_1_1_systems_1_1_window_s_f_m_l_1a679080b533c6ebe439895f719fe5d0bb" prot="private" static="no" mutable="no">
        <type>sf::Context</type>
        <definition>sf::Context DCEngine::Systems::WindowSFML::_Context</definition>
        <argsstring></argsstring>
        <name>_Context</name>
        <briefdescription>
        </briefdescription>
        <detaileddescription>
        </detaileddescription>
        <inbodydescription>
        </inbodydescription>
        <location file="D:/Google Drive/Digipen Institute of Technology/GAM 200/GAM200.git/DCEngine/Core/Systems/Window/WindowSFML.h" line="24" column="1" bodyfile="D:/Google Drive/Digipen Institute of Technology/GAM 200/GAM200.git/DCEngine/Core/Systems/Window/WindowSFML.h" bodystart="24" bodyend="-1"/>
      </memberdef>
      <memberdef kind="variable" id="class_d_c_engine_1_1_systems_1_1_window_s_f_m_l_1a49dd1c3b90b9c563c136f99ba692cba3" prot="private" static="no" mutable="no">
        <type>sf::Event</type>
        <definition>sf::Event DCEngine::Systems::WindowSFML::_Event</definition>
        <argsstring></argsstring>
        <name>_Event</name>
        <briefdescription>
        </briefdescription>
        <detaileddescription>
        </detaileddescription>
        <inbodydescription>
        </inbodydescription>
        <location file="D:/Google Drive/Digipen Institute of Technology/GAM 200/GAM200.git/DCEngine/Core/Systems/Window/WindowSFML.h" line="25" column="1" bodyfile="D:/Google Drive/Digipen Institute of Technology/GAM 200/GAM200.git/DCEngine/Core/Systems/Window/WindowSFML.h" bodystart="25" bodyend="-1"/>
      </memberdef>
      <memberdef kind="variable" id="class_d_c_engine_1_1_systems_1_1_window_s_f_m_l_1a41f1a8ccc2855d56907573b5b45780d2" prot="private" static="no" mutable="no">
        <type>bool</type>
        <definition>bool DCEngine::Systems::WindowSFML::_Fullscreen</definition>
        <argsstring></argsstring>
        <name>_Fullscreen</name>
        <briefdescription>
        </briefdescription>
        <detaileddescription>
        </detaileddescription>
        <inbodydescription>
        </inbodydescription>
        <location file="D:/Google Drive/Digipen Institute of Technology/GAM 200/GAM200.git/DCEngine/Core/Systems/Window/WindowSFML.h" line="26" column="1" bodyfile="D:/Google Drive/Digipen Institute of Technology/GAM 200/GAM200.git/DCEngine/Core/Systems/Window/WindowSFML.h" bodystart="26" bodyend="-1"/>
      </memberdef>
      <memberdef kind="variable" id="class_d_c_engine_1_1_systems_1_1_window_s_f_m_l_1ab8ac421159ef8b6cce7d34920659de7b" prot="private" static="no" mutable="no">
        <type>int</type>
        <definition>int DCEngine::Systems::WindowSFML::_Width</definition>
        <argsstring></argsstring>
        <name>_Width</name>
        <briefdescription>
        </briefdescription>
        <detaileddescription>
        </detaileddescription>
        <inbodydescription>
        </inbodydescription>
        <location file="D:/Google Drive/Digipen Institute of Technology/GAM 200/GAM200.git/DCEngine/Core/Systems/Window/WindowSFML.h" line="27" column="1" bodyfile="D:/Google Drive/Digipen Institute of Technology/GAM 200/GAM200.git/DCEngine/Core/Systems/Window/WindowSFML.h" bodystart="27" bodyend="-1"/>
      </memberdef>
      <memberdef kind="variable" id="class_d_c_engine_1_1_systems_1_1_window_s_f_m_l_1a8ac34291b6512dbd7f1931bf9459d74e" prot="private" static="no" mutable="no">
        <type>int</type>
        <definition>int DCEngine::Systems::WindowSFML::_Height</definition>
        <argsstring></argsstring>
        <name>_Height</name>
        <briefdescription>
        </briefdescription>
        <detaileddescription>
        </detaileddescription>
        <inbodydescription>
        </inbodydescription>
        <location file="D:/Google Drive/Digipen Institute of Technology/GAM 200/GAM200.git/DCEngine/Core/Systems/Window/WindowSFML.h" line="28" column="1" bodyfile="D:/Google Drive/Digipen Institute of Technology/GAM 200/GAM200.git/DCEngine/Core/Systems/Window/WindowSFML.h" bodystart="28" bodyend="-1"/>
      </memberdef>
      </sectiondef>
      <sectiondef kind="public-func">
      <memberdef kind="function" id="class_d_c_engine_1_1_systems_1_1_window_s_f_m_l_1aca307cf99443d3627247ff306d283a5e" prot="public" static="no" const="no" explicit="no" inline="no" virt="non-virtual">
        <type></type>
        <definition>DCEngine::Systems::WindowSFML::WindowSFML</definition>
        <argsstring>()</argsstring>
        <name>WindowSFML</name>
        <briefdescription>
        </briefdescription>
        <detaileddescription>
        </detaileddescription>
        <inbodydescription>
        </inbodydescription>
        <location file="D:/Google Drive/Digipen Institute of Technology/GAM 200/GAM200.git/DCEngine/Core/Systems/Window/WindowSFML.h" line="18" column="1"/>
      </memberdef>
      <memberdef kind="function" id="class_d_c_engine_1_1_systems_1_1_window_s_f_m_l_1a73c6bef950912d1b4bb2ab0ac56d8f9d" prot="public" static="no" const="no" explicit="no" inline="no" virt="virtual">
        <type>void</type>
        <definition>void DCEngine::Systems::WindowSFML::Initialize</definition>
        <argsstring>()</argsstring>
        <name>Initialize</name>
        <reimplements refid="class_d_c_engine_1_1_system_1aaa724b7d16242b08dd82a16bdd1e62e4">Initialize</reimplements>
        <briefdescription>
        </briefdescription>
        <detaileddescription>
        </detaileddescription>
        <inbodydescription>
        </inbodydescription>
        <location file="D:/Google Drive/Digipen Institute of Technology/GAM 200/GAM200.git/DCEngine/Core/Systems/Window/WindowSFML.h" line="19" column="1" bodyfile="D:/Google Drive/Digipen Institute of Technology/GAM 200/GAM200.git/DCEngine/Core/Systems/Window/WindowSFML.cpp" bodystart="26" bodyend="34"/>
      </memberdef>
      <memberdef kind="function" id="class_d_c_engine_1_1_systems_1_1_window_s_f_m_l_1a6fc45b1b85092564df636150c925ece0" prot="public" static="no" const="no" explicit="no" inline="no" virt="virtual">
        <type>void</type>
        <definition>void DCEngine::Systems::WindowSFML::Update</definition>
        <argsstring>(float dt)</argsstring>
        <name>Update</name>
        <reimplements refid="class_d_c_engine_1_1_system_1a7a9a1fc31f9f64bd665253c330dff8f2">Update</reimplements>
        <param>
          <type>float</type>
          <declname>dt</declname>
        </param>
        <briefdescription>
        </briefdescription>
        <detaileddescription>
        </detaileddescription>
        <inbodydescription>
        </inbodydescription>
        <location file="D:/Google Drive/Digipen Institute of Technology/GAM 200/GAM200.git/DCEngine/Core/Systems/Window/WindowSFML.h" line="20" column="1" bodyfile="D:/Google Drive/Digipen Institute of Technology/GAM 200/GAM200.git/DCEngine/Core/Systems/Window/WindowSFML.cpp" bodystart="36" bodyend="37"/>
      </memberdef>
      <memberdef kind="function" id="class_d_c_engine_1_1_systems_1_1_window_s_f_m_l_1a032fc83ec80af23f61e6b772e40a593f" prot="public" static="no" const="no" explicit="no" inline="no" virt="virtual">
        <type>void</type>
        <definition>void DCEngine::Systems::WindowSFML::Terminate</definition>
        <argsstring>()</argsstring>
        <name>Terminate</name>
        <reimplements refid="class_d_c_engine_1_1_system_1a236b4262ba170b5e218f8091245bc7c3">Terminate</reimplements>
        <briefdescription>
        </briefdescription>
        <detaileddescription>
        </detaileddescription>
        <inbodydescription>
        </inbodydescription>
        <location file="D:/Google Drive/Digipen Institute of Technology/GAM 200/GAM200.git/DCEngine/Core/Systems/Window/WindowSFML.h" line="21" column="1" bodyfile="D:/Google Drive/Digipen Institute of Technology/GAM 200/GAM200.git/DCEngine/Core/Systems/Window/WindowSFML.cpp" bodystart="39" bodyend="40"/>
      </memberdef>
      </sectiondef>
    <briefdescription>
    </briefdescription>
    <detaileddescription>
    </detaileddescription>
    <inheritancegraph>
      <node id="11">
        <label>DCEngine::System</label>
        <link refid="class_d_c_engine_1_1_system"/>
      </node>
      <node id="10">
        <label>DCEngine::Systems::WindowSFML</label>
        <link refid="class_d_c_engine_1_1_systems_1_1_window_s_f_m_l"/>
        <childnode refid="11" relation="public-inheritance">
        </childnode>
      </node>
    </inheritancegraph>
    <collaborationgraph>
      <node id="13">
        <label>DCEngine::System</label>
        <link refid="class_d_c_engine_1_1_system"/>
      </node>
      <node id="12">
        <label>DCEngine::Systems::WindowSFML</label>
        <link refid="class_d_c_engine_1_1_systems_1_1_window_s_f_m_l"/>
        <childnode refid="13" relation="public-inheritance">
        </childnode>
      </node>
    </collaborationgraph>
    <location file="D:/Google Drive/Digipen Institute of Technology/GAM 200/GAM200.git/DCEngine/Core/Systems/Window/WindowSFML.h" line="16" column="1" bodyfile="D:/Google Drive/Digipen Institute of Technology/GAM 200/GAM200.git/DCEngine/Core/Systems/Window/WindowSFML.h" bodystart="16" bodyend="30"/>
    <listofallmembers>
      <member refid="class_d_c_engine_1_1_systems_1_1_window_s_f_m_l_1a679080b533c6ebe439895f719fe5d0bb" prot="private" virt="non-virtual"><scope>DCEngine::Systems::WindowSFML</scope><name>_Context</name></member>
      <member refid="class_d_c_engine_1_1_systems_1_1_window_s_f_m_l_1a49dd1c3b90b9c563c136f99ba692cba3" prot="private" virt="non-virtual"><scope>DCEngine::Systems::WindowSFML</scope><name>_Event</name></member>
      <member refid="class_d_c_engine_1_1_systems_1_1_window_s_f_m_l_1a41f1a8ccc2855d56907573b5b45780d2" prot="private" virt="non-virtual"><scope>DCEngine::Systems::WindowSFML</scope><name>_Fullscreen</name></member>
      <member refid="class_d_c_engine_1_1_systems_1_1_window_s_f_m_l_1a8ac34291b6512dbd7f1931bf9459d74e" prot="private" virt="non-virtual"><scope>DCEngine::Systems::WindowSFML</scope><name>_Height</name></member>
      <member refid="class_d_c_engine_1_1_system_1ac87c16a4ddaf36fefd3747facf817d08" prot="protected" virt="non-virtual"><scope>DCEngine::Systems::WindowSFML</scope><name>_name</name></member>
      <member refid="class_d_c_engine_1_1_system_1a5edcef5d0bed27b80ed6fa7437476fb7" prot="protected" virt="non-virtual"><scope>DCEngine::Systems::WindowSFML</scope><name>_type</name></member>
      <member refid="class_d_c_engine_1_1_systems_1_1_window_s_f_m_l_1ab8ac421159ef8b6cce7d34920659de7b" prot="private" virt="non-virtual"><scope>DCEngine::Systems::WindowSFML</scope><name>_Width</name></member>
      <member refid="class_d_c_engine_1_1_systems_1_1_window_s_f_m_l_1af84ef63fde64ad72a5960156da04e672" prot="private" virt="non-virtual"><scope>DCEngine::Systems::WindowSFML</scope><name>_Window</name></member>
      <member refid="class_d_c_engine_1_1_systems_1_1_window_s_f_m_l_1a73c6bef950912d1b4bb2ab0ac56d8f9d" prot="public" virt="virtual"><scope>DCEngine::Systems::WindowSFML</scope><name>Initialize</name></member>
      <member refid="class_d_c_engine_1_1_system_1ac0b8cac597bf207ccfd9bb60a8955e79" prot="public" virt="non-virtual"><scope>DCEngine::Systems::WindowSFML</scope><name>System</name></member>
      <member refid="class_d_c_engine_1_1_systems_1_1_window_s_f_m_l_1a032fc83ec80af23f61e6b772e40a593f" prot="public" virt="virtual"><scope>DCEngine::Systems::WindowSFML</scope><name>Terminate</name></member>
      <member refid="class_d_c_engine_1_1_systems_1_1_window_s_f_m_l_1a6fc45b1b85092564df636150c925ece0" prot="public" virt="virtual"><scope>DCEngine::Systems::WindowSFML</scope><name>Update</name></member>
      <member refid="class_d_c_engine_1_1_systems_1_1_window_s_f_m_l_1aca307cf99443d3627247ff306d283a5e" prot="public" virt="non-virtual"><scope>DCEngine::Systems::WindowSFML</scope><name>WindowSFML</name></member>
    </listofallmembers>
  </compounddef>
</doxygen>
