<?xml version='1.0' encoding='UTF-8' standalone='no'?>
<doxygen xmlns:xsi="http://www.w3.org/2001/XMLSchema-instance" xsi:noNamespaceSchemaLocation="compound.xsd" version="1.8.10">
  <compounddef id="dir_c6310732a22f63c0c2fc5595561e68f1" kind="dir">
    <compoundname>D:/Google Drive/Digipen Institute of Technology/GAM 200/GAM200.git/DCEngine/Core</compoundname>
    <innerdir refid="dir_59c10b51c8380b58e1f1bb38ac61eeb3">D:/Google Drive/Digipen Institute of Technology/GAM 200/GAM200.git/DCEngine/Core/Debug</innerdir>
    <innerdir refid="dir_9356e13bc93a39964003fa6a9b8523b1">D:/Google Drive/Digipen Institute of Technology/GAM 200/GAM200.git/DCEngine/Core/Engine</innerdir>
    <innerdir refid="dir_5c45366b23e26f7ab7dba2cf4b5a5745">D:/Google Drive/Digipen Institute of Technology/GAM 200/GAM200.git/DCEngine/Core/Systems</innerdir>
    <innerfile refid="_main_8cpp">Main.cpp</innerfile>
    <briefdescription>
    </briefdescription>
    <detaileddescription>
    </detaileddescription>
    <location file="D:/Google Drive/Digipen Institute of Technology/GAM 200/GAM200.git/DCEngine/Core/"/>
  </compounddef>
</doxygen>
