<?xml version='1.0' encoding='UTF-8' standalone='no'?>
<doxygen xmlns:xsi="http://www.w3.org/2001/XMLSchema-instance" xsi:noNamespaceSchemaLocation="compound.xsd" version="1.8.10">
  <compounddef id="dir_631fa01fc5752cee64ad65bb661fdbff" kind="dir">
    <compoundname>D:/Google Drive/Digipen Institute of Technology/GAM 200/GAM200.git/DCEngine/Core/Systems/Input</compoundname>
    <innerfile refid="_input_g_l_f_w_8h">InputGLFW.h</innerfile>
    <briefdescription>
    </briefdescription>
    <detaileddescription>
    </detaileddescription>
    <location file="D:/Google Drive/Digipen Institute of Technology/GAM 200/GAM200.git/DCEngine/Core/Systems/Input/"/>
  </compounddef>
</doxygen>
