<?xml version='1.0' encoding='UTF-8' standalone='no'?>
<doxygen xmlns:xsi="http://www.w3.org/2001/XMLSchema-instance" xsi:noNamespaceSchemaLocation="compound.xsd" version="1.8.10">
  <compounddef id="_component_8h" kind="file" language="C++">
    <compoundname>Component.h</compoundname>
    <includes local="no">memory</includes>
    <includes local="no">vector</includes>
    <includedby refid="_entity_8h" local="yes">D:/Google Drive/Digipen Institute of Technology/GAM 200/GAM200.git/DCEngine/Core/Engine/Entity.h</includedby>
    <includedby refid="_space_8h" local="yes">D:/Google Drive/Digipen Institute of Technology/GAM 200/GAM200.git/DCEngine/Core/Engine/Space.h</includedby>
    <incdepgraph>
      <node id="15">
        <label>vector</label>
      </node>
      <node id="13">
        <label>D:/Google Drive/Digipen Institute of Technology/GAM 200/GAM200.git/DCEngine/Core/Engine/Component.h</label>
        <link refid="Component.h"/>
        <childnode refid="14" relation="include">
        </childnode>
        <childnode refid="15" relation="include">
        </childnode>
      </node>
      <node id="14">
        <label>memory</label>
      </node>
    </incdepgraph>
    <invincdepgraph>
      <node id="22">
        <label>D:/Google Drive/Digipen Institute of Technology/GAM 200/GAM200.git/DCEngine/Core/Systems/Window/WindowGLFW.cpp</label>
        <link refid="_window_g_l_f_w_8cpp"/>
      </node>
      <node id="18">
        <label>D:/Google Drive/Digipen Institute of Technology/GAM 200/GAM200.git/DCEngine/Core/Systems/System.h</label>
        <link refid="_system_8h"/>
        <childnode refid="19" relation="include">
        </childnode>
        <childnode refid="23" relation="include">
        </childnode>
        <childnode refid="24" relation="include">
        </childnode>
        <childnode refid="26" relation="include">
        </childnode>
        <childnode refid="28" relation="include">
        </childnode>
      </node>
      <node id="21">
        <label>D:/Google Drive/Digipen Institute of Technology/GAM 200/GAM200.git/DCEngine/Core/Main.cpp</label>
        <link refid="_main_8cpp"/>
      </node>
      <node id="23">
        <label>D:/Google Drive/Digipen Institute of Technology/GAM 200/GAM200.git/DCEngine/Core/Engine/Space.h</label>
        <link refid="_space_8h"/>
        <childnode refid="20" relation="include">
        </childnode>
      </node>
      <node id="28">
        <label>D:/Google Drive/Digipen Institute of Technology/GAM 200/GAM200.git/DCEngine/Core/Systems/System.cpp</label>
        <link refid="_system_8cpp"/>
      </node>
      <node id="26">
        <label>D:/Google Drive/Digipen Institute of Technology/GAM 200/GAM200.git/DCEngine/Core/Systems/Graphics/GraphicsGL.h</label>
        <link refid="_graphics_g_l_8h_source"/>
        <childnode refid="25" relation="include">
        </childnode>
        <childnode refid="27" relation="include">
        </childnode>
      </node>
      <node id="17">
        <label>D:/Google Drive/Digipen Institute of Technology/GAM 200/GAM200.git/DCEngine/Core/Engine/Entity.h</label>
        <link refid="_entity_8h_source"/>
        <childnode refid="18" relation="include">
        </childnode>
        <childnode refid="23" relation="include">
        </childnode>
        <childnode refid="29" relation="include">
        </childnode>
      </node>
      <node id="19">
        <label>D:/Google Drive/Digipen Institute of Technology/GAM 200/GAM200.git/DCEngine/Core/Engine/Engine.h</label>
        <link refid="_engine_8h"/>
        <childnode refid="20" relation="include">
        </childnode>
        <childnode refid="21" relation="include">
        </childnode>
        <childnode refid="22" relation="include">
        </childnode>
      </node>
      <node id="20">
        <label>D:/Google Drive/Digipen Institute of Technology/GAM 200/GAM200.git/DCEngine/Core/Engine/Engine.cpp</label>
        <link refid="_engine_8cpp"/>
      </node>
      <node id="27">
        <label>D:/Google Drive/Digipen Institute of Technology/GAM 200/GAM200.git/DCEngine/Core/Systems/Graphics/GraphicsGL.cpp</label>
        <link refid="_graphics_g_l_8cpp"/>
      </node>
      <node id="24">
        <label>D:/Google Drive/Digipen Institute of Technology/GAM 200/GAM200.git/DCEngine/Core/Systems/Window/WindowGLFW.h</label>
        <link refid="_window_g_l_f_w_8h"/>
        <childnode refid="25" relation="include">
        </childnode>
        <childnode refid="22" relation="include">
        </childnode>
      </node>
      <node id="25">
        <label>D:/Google Drive/Digipen Institute of Technology/GAM 200/GAM200.git/DCEngine/Core/Systems/SystemsInclude.h</label>
        <link refid="_systems_include_8h_source"/>
        <childnode refid="20" relation="include">
        </childnode>
      </node>
      <node id="16">
        <label>D:/Google Drive/Digipen Institute of Technology/GAM 200/GAM200.git/DCEngine/Core/Engine/Component.h</label>
        <link refid="Component.h"/>
        <childnode refid="17" relation="include">
        </childnode>
        <childnode refid="23" relation="include">
        </childnode>
      </node>
      <node id="29">
        <label>D:/Google Drive/Digipen Institute of Technology/GAM 200/GAM200.git/DCEngine/Core/Engine/Entity.cpp</label>
        <link refid="_entity_8cpp"/>
      </node>
    </invincdepgraph>
    <innerclass refid="class_d_c_engine_1_1_component" prot="public">DCEngine::Component</innerclass>
    <innernamespace refid="namespace_d_c_engine">DCEngine</innernamespace>
    <briefdescription>
<para>The. </para>    </briefdescription>
    <detaileddescription>
<para><simplesect kind="author"><para>Allan Deutsch, Christian Sagel </para></simplesect>
<simplesect kind="par"><title>email: c.sagel@digipen.edu</title><para></para></simplesect>
<simplesect kind="date"><para>8/2/2015 </para></simplesect>
</para>    </detaileddescription>
    <programlisting>
<codeline lineno="1"><highlight class="comment">/******************************************************************************/</highlight></codeline>
<codeline lineno="10"><highlight class="comment">/******************************************************************************/</highlight><highlight class="normal"></highlight></codeline>
<codeline lineno="11"><highlight class="normal"></highlight></codeline>
<codeline lineno="12"><highlight class="normal"></highlight><highlight class="preprocessor">#pragma<sp/>once</highlight><highlight class="normal"></highlight></codeline>
<codeline lineno="13"><highlight class="normal"></highlight><highlight class="preprocessor">#include<sp/>&lt;memory&gt;</highlight><highlight class="normal"></highlight></codeline>
<codeline lineno="14"><highlight class="normal"></highlight><highlight class="preprocessor">#include<sp/>&lt;vector&gt;</highlight><highlight class="normal"></highlight></codeline>
<codeline lineno="15"><highlight class="normal"></highlight></codeline>
<codeline lineno="16"><highlight class="normal"></highlight><highlight class="keyword">namespace<sp/></highlight><highlight class="normal"><ref refid="namespace_d_c_engine" kindref="compound">DCEngine</ref><sp/>{</highlight></codeline>
<codeline lineno="17"><highlight class="normal"><sp/><sp/></highlight></codeline>
<codeline lineno="18"><highlight class="normal"><sp/><sp/></highlight><highlight class="keyword">using</highlight><highlight class="normal"><sp/>mask<sp/>=<sp/>unsigned;</highlight></codeline>
<codeline lineno="19"><highlight class="normal"></highlight></codeline>
<codeline lineno="20"><highlight class="normal"></highlight><highlight class="preprocessor">#pragma<sp/>region<sp/>metadataEnums</highlight><highlight class="normal"></highlight></codeline>
<codeline lineno="21"><highlight class="normal"><sp/><sp/></highlight></codeline>
<codeline lineno="22"><highlight class="normal"><sp/><sp/></highlight><highlight class="keyword">enum<sp/>class</highlight><highlight class="normal"><sp/>EnumeratedComponent<sp/>{</highlight></codeline>
<codeline lineno="23"><highlight class="normal"><sp/><sp/><sp/><sp/>None<sp/>=<sp/>0,</highlight></codeline>
<codeline lineno="24"><highlight class="normal"><sp/><sp/><sp/><sp/>Transform<sp/>=<sp/>1,</highlight></codeline>
<codeline lineno="25"><highlight class="normal"><sp/><sp/><sp/><sp/>Sprite<sp/>=<sp/>2,</highlight></codeline>
<codeline lineno="26"><highlight class="normal"><sp/><sp/><sp/><sp/>Drawable<sp/>=<sp/>3,</highlight></codeline>
<codeline lineno="27"><highlight class="normal"></highlight></codeline>
<codeline lineno="28"><highlight class="normal"><sp/><sp/><sp/><sp/>Capacity,<sp/><sp/><sp/><sp/></highlight></codeline>
<codeline lineno="29"><highlight class="normal"></highlight></codeline>
<codeline lineno="30"><highlight class="normal"><sp/><sp/>};</highlight></codeline>
<codeline lineno="31"><highlight class="normal"></highlight></codeline>
<codeline lineno="32"><highlight class="normal"><sp/><sp/></highlight><highlight class="keyword">enum<sp/>class</highlight><highlight class="normal"><sp/>BitfieldComponent<sp/>{</highlight></codeline>
<codeline lineno="33"><highlight class="normal"><sp/><sp/><sp/><sp/>Alive<sp/>=<sp/>1,</highlight></codeline>
<codeline lineno="34"><highlight class="normal"><sp/><sp/><sp/><sp/>Transform<sp/>=<sp/>1<sp/>&lt;&lt;<sp/>1,</highlight></codeline>
<codeline lineno="35"><highlight class="normal"><sp/><sp/><sp/><sp/>Sprite<sp/>=<sp/>1<sp/>&lt;&lt;<sp/>2,</highlight></codeline>
<codeline lineno="36"><highlight class="normal"><sp/><sp/><sp/><sp/>Drawable<sp/>=<sp/>1<sp/>&lt;&lt;<sp/>3,</highlight></codeline>
<codeline lineno="37"><highlight class="normal"></highlight></codeline>
<codeline lineno="38"><highlight class="normal"><sp/><sp/><sp/><sp/>NoObjects<sp/>=<sp/>-1,</highlight></codeline>
<codeline lineno="39"><highlight class="normal"></highlight></codeline>
<codeline lineno="40"><highlight class="normal"><sp/><sp/>};</highlight></codeline>
<codeline lineno="41"><highlight class="normal"><sp/><sp/></highlight></codeline>
<codeline lineno="42" refid="class_d_c_engine_1_1_component" refkind="compound"><highlight class="normal"><sp/><sp/></highlight><highlight class="keyword">class<sp/></highlight><highlight class="normal"><ref refid="class_d_c_engine_1_1_component" kindref="compound">Component</ref><sp/>{</highlight></codeline>
<codeline lineno="43"><highlight class="normal"><sp/><sp/></highlight><highlight class="keyword">public</highlight><highlight class="normal">:</highlight></codeline>
<codeline lineno="44"><highlight class="normal"><sp/><sp/><sp/><sp/><ref refid="class_d_c_engine_1_1_component" kindref="compound">Component</ref>(EnumeratedComponent<sp/>type,<sp/>BitfieldComponent<sp/>mask)<sp/>:<sp/>_type(type),</highlight></codeline>
<codeline lineno="45"><highlight class="normal"><sp/><sp/><sp/><sp/><sp/><sp/><sp/><sp/><sp/><sp/><sp/><sp/><sp/><sp/><sp/><sp/><sp/><sp/><sp/><sp/><sp/><sp/><sp/><sp/><sp/><sp/><sp/><sp/><sp/><sp/><sp/><sp/><sp/><sp/><sp/><sp/><sp/><sp/><sp/><sp/><sp/><sp/><sp/><sp/><sp/><sp/><sp/><sp/><sp/><sp/><sp/><sp/><sp/><sp/><sp/><sp/><sp/><sp/><sp/><sp/><sp/><sp/><sp/><sp/><sp/><sp/>_mask(mask)<sp/>{<sp/>}</highlight></codeline>
<codeline lineno="46"><highlight class="normal"></highlight></codeline>
<codeline lineno="47"><highlight class="normal"><sp/><sp/><sp/><sp/></highlight><highlight class="comment">//<sp/>Derived<sp/>component<sp/>types<sp/>need<sp/>to<sp/>be<sp/>deallocated<sp/>properly</highlight><highlight class="normal"></highlight></codeline>
<codeline lineno="48"><highlight class="normal"><sp/><sp/><sp/><sp/></highlight><highlight class="keyword">virtual</highlight><highlight class="normal"><sp/>~<ref refid="class_d_c_engine_1_1_component" kindref="compound">Component</ref>();<sp/></highlight></codeline>
<codeline lineno="49"><highlight class="normal"></highlight></codeline>
<codeline lineno="50"><highlight class="normal"><sp/><sp/><sp/><sp/></highlight><highlight class="comment">//<sp/>Once<sp/>the<sp/>component<sp/>is<sp/>created,<sp/>it<sp/>should<sp/>never<sp/>change<sp/>types</highlight><highlight class="normal"></highlight></codeline>
<codeline lineno="51"><highlight class="normal"><sp/><sp/><sp/><sp/></highlight><highlight class="keyword">const</highlight><highlight class="normal"><sp/>EnumeratedComponent<sp/>_type;</highlight></codeline>
<codeline lineno="52"><highlight class="normal"><sp/><sp/><sp/><sp/></highlight><highlight class="keyword">const</highlight><highlight class="normal"><sp/>BitfieldComponent<sp/>_mask;</highlight></codeline>
<codeline lineno="53"><highlight class="normal"></highlight></codeline>
<codeline lineno="54"><highlight class="normal"><sp/><sp/></highlight><highlight class="keyword">private</highlight><highlight class="normal">:</highlight></codeline>
<codeline lineno="55"><highlight class="normal"><sp/><sp/><sp/><sp/><ref refid="class_d_c_engine_1_1_component" kindref="compound">Component</ref>()<sp/>=<sp/></highlight><highlight class="keyword">delete</highlight><highlight class="normal">;<sp/></highlight><highlight class="comment">//<sp/>No<sp/>default<sp/>construction</highlight><highlight class="normal"></highlight></codeline>
<codeline lineno="56"><highlight class="normal"></highlight></codeline>
<codeline lineno="57"><highlight class="normal"><sp/><sp/>};</highlight></codeline>
<codeline lineno="58"><highlight class="normal"></highlight></codeline>
<codeline lineno="59"><highlight class="normal"><sp/><sp/></highlight><highlight class="keyword">using</highlight><highlight class="normal"><sp/>ComponentPtr<sp/>=<sp/>std::shared_ptr&lt;Component&gt;;</highlight></codeline>
<codeline lineno="60"><highlight class="normal"><sp/><sp/></highlight><highlight class="keyword">using</highlight><highlight class="normal"><sp/>ComponentVec<sp/>=<sp/>std::vector&lt;ComponentPtr&gt;;</highlight></codeline>
<codeline lineno="61"><highlight class="normal"><sp/><sp/></highlight><highlight class="comment">//using<sp/>ComponentPtr<sp/>=<sp/>std::shared_ptr&lt;Component&gt;;</highlight><highlight class="normal"></highlight></codeline>
<codeline lineno="62"><highlight class="normal"></highlight></codeline>
<codeline lineno="63"><highlight class="normal">}</highlight></codeline>
    </programlisting>
    <location file="D:/Google Drive/Digipen Institute of Technology/GAM 200/GAM200.git/DCEngine/Core/Engine/Component.h"/>
  </compounddef>
</doxygen>
