<?xml version='1.0' encoding='UTF-8' standalone='no'?>
<doxygen xmlns:xsi="http://www.w3.org/2001/XMLSchema-instance" xsi:noNamespaceSchemaLocation="compound.xsd" version="1.8.10">
  <compounddef id="_window_s_f_m_l_8cpp" kind="file" language="C++">
    <compoundname>WindowSFML.cpp</compoundname>
    <includes local="no">iostream</includes>
    <includes refid="_window_s_f_m_l_8h" local="yes">WindowSFML.h</includes>
    <includes refid="_engine_8h" local="yes">..\..\Engine\Engine.h</includes>
    <includes refid="_debug_8h" local="yes">..\..\Debug\Debug.h</includes>
    <incdepgraph>
      <node id="107">
        <label>..\..\Debug\Debug.h</label>
        <link refid="_debug_8h_source"/>
        <childnode refid="103" relation="include">
        </childnode>
        <childnode refid="99" relation="include">
        </childnode>
      </node>
      <node id="102">
        <label>..\System.h</label>
        <link refid="_system_8h"/>
        <childnode refid="103" relation="include">
        </childnode>
        <childnode refid="101" relation="include">
        </childnode>
        <childnode refid="104" relation="include">
        </childnode>
      </node>
      <node id="98">
        <label>D:/Google Drive/Digipen Institute of Technology/GAM 200/GAM200.git/DCEngine/Core/Systems/Window/WindowSFML.cpp</label>
        <link refid="WindowSFML.cpp"/>
        <childnode refid="99" relation="include">
        </childnode>
        <childnode refid="100" relation="include">
        </childnode>
        <childnode refid="106" relation="include">
        </childnode>
        <childnode refid="107" relation="include">
        </childnode>
      </node>
      <node id="103">
        <label>string</label>
      </node>
      <node id="106">
        <label>..\..\Engine\Engine.h</label>
        <link refid="_engine_8h"/>
        <childnode refid="101" relation="include">
        </childnode>
        <childnode refid="102" relation="include">
        </childnode>
      </node>
      <node id="100">
        <label>WindowSFML.h</label>
        <link refid="_window_s_f_m_l_8h_source"/>
        <childnode refid="101" relation="include">
        </childnode>
        <childnode refid="102" relation="include">
        </childnode>
        <childnode refid="105" relation="include">
        </childnode>
      </node>
      <node id="104">
        <label>vector</label>
      </node>
      <node id="99">
        <label>iostream</label>
      </node>
      <node id="105">
        <label>..\..\..\Dependencies\include\SFML\Window.hpp</label>
      </node>
      <node id="101">
        <label>memory</label>
      </node>
    </incdepgraph>
    <innernamespace refid="namespace_d_c_engine">DCEngine</innernamespace>
    <innernamespace refid="namespace_d_c_engine_1_1_systems">DCEngine::Systems</innernamespace>
      <sectiondef kind="var">
      <memberdef kind="variable" id="_window_s_f_m_l_8cpp_1a1119a7e8226a0b0ae9211ac47cc74475" prot="public" static="no" mutable="no">
        <type>const auto</type>
        <definition>const auto ScreenWidth</definition>
        <argsstring></argsstring>
        <name>ScreenWidth</name>
        <initializer>= 1280</initializer>
        <briefdescription>
        </briefdescription>
        <detaileddescription>
        </detaileddescription>
        <inbodydescription>
        </inbodydescription>
        <location file="D:/Google Drive/Digipen Institute of Technology/GAM 200/GAM200.git/DCEngine/Core/Systems/Window/WindowSFML.cpp" line="7" column="1" bodyfile="D:/Google Drive/Digipen Institute of Technology/GAM 200/GAM200.git/DCEngine/Core/Systems/Window/WindowSFML.cpp" bodystart="7" bodyend="-1"/>
      </memberdef>
      <memberdef kind="variable" id="_window_s_f_m_l_8cpp_1a1a743e850382d09da7dda49de4daa605" prot="public" static="no" mutable="no">
        <type>const auto</type>
        <definition>const auto ScreenHeight</definition>
        <argsstring></argsstring>
        <name>ScreenHeight</name>
        <initializer>= 720</initializer>
        <briefdescription>
        </briefdescription>
        <detaileddescription>
        </detaileddescription>
        <inbodydescription>
        </inbodydescription>
        <location file="D:/Google Drive/Digipen Institute of Technology/GAM 200/GAM200.git/DCEngine/Core/Systems/Window/WindowSFML.cpp" line="8" column="1" bodyfile="D:/Google Drive/Digipen Institute of Technology/GAM 200/GAM200.git/DCEngine/Core/Systems/Window/WindowSFML.cpp" bodystart="8" bodyend="-1"/>
      </memberdef>
      </sectiondef>
    <briefdescription>
    </briefdescription>
    <detaileddescription>
    </detaileddescription>
    <programlisting>
<codeline lineno="1"><highlight class="preprocessor">#include<sp/>&lt;iostream&gt;</highlight><highlight class="normal"></highlight></codeline>
<codeline lineno="2"><highlight class="normal"></highlight></codeline>
<codeline lineno="3"><highlight class="normal"></highlight><highlight class="preprocessor">#include<sp/>&quot;WindowSFML.h&quot;</highlight><highlight class="normal"></highlight></codeline>
<codeline lineno="4"><highlight class="normal"></highlight><highlight class="preprocessor">#include<sp/>&quot;..\..\Engine\Engine.h&quot;</highlight><highlight class="normal"></highlight></codeline>
<codeline lineno="5"><highlight class="normal"></highlight><highlight class="preprocessor">#include<sp/>&quot;..\..\Debug\Debug.h&quot;</highlight><highlight class="normal"></highlight></codeline>
<codeline lineno="6"><highlight class="normal"></highlight></codeline>
<codeline lineno="7"><highlight class="normal"></highlight><highlight class="keyword">const</highlight><highlight class="normal"><sp/></highlight><highlight class="keyword">auto</highlight><highlight class="normal"><sp/>ScreenWidth<sp/>=<sp/>1280;</highlight></codeline>
<codeline lineno="8"><highlight class="normal"></highlight><highlight class="keyword">const</highlight><highlight class="normal"><sp/></highlight><highlight class="keyword">auto</highlight><highlight class="normal"><sp/>ScreenHeight<sp/>=<sp/>720;</highlight></codeline>
<codeline lineno="9"><highlight class="normal"></highlight></codeline>
<codeline lineno="10"><highlight class="normal"></highlight><highlight class="keyword">namespace<sp/></highlight><highlight class="normal"><ref refid="namespace_d_c_engine" kindref="compound">DCEngine</ref><sp/>{</highlight></codeline>
<codeline lineno="11"><highlight class="normal"></highlight></codeline>
<codeline lineno="12"><highlight class="normal"><sp/><sp/></highlight><highlight class="comment">//<sp/>A<sp/>pointer<sp/>to<sp/>the<sp/>Engine<sp/>object</highlight><highlight class="normal"></highlight></codeline>
<codeline lineno="13"><highlight class="normal"><sp/><sp/></highlight><highlight class="keyword">extern</highlight><highlight class="normal"><sp/>std::unique_ptr&lt;Engine&gt;<sp/>ENGINE;</highlight></codeline>
<codeline lineno="14"><highlight class="normal"></highlight></codeline>
<codeline lineno="15"><highlight class="normal"><sp/><sp/></highlight><highlight class="keyword">namespace<sp/></highlight><highlight class="normal">Systems<sp/>{</highlight></codeline>
<codeline lineno="16"><highlight class="normal"><sp/><sp/><sp/><sp/></highlight><highlight class="comment">//WindowSFML::WindowSFML()<sp/>:<sp/>System(std::string(&quot;WindowsSFMLSystem&quot;),<sp/>ES_WindowSFML),</highlight><highlight class="normal"></highlight></codeline>
<codeline lineno="17"><highlight class="normal"><sp/><sp/><sp/><sp/></highlight><highlight class="comment">//<sp/><sp/><sp/><sp/><sp/><sp/><sp/><sp/><sp/><sp/><sp/><sp/><sp/><sp/><sp/><sp/><sp/><sp/><sp/><sp/><sp/><sp/><sp/><sp/><sp/><sp/><sp/>_Fullscreen(false),</highlight><highlight class="normal"></highlight></codeline>
<codeline lineno="18"><highlight class="normal"><sp/><sp/><sp/><sp/></highlight><highlight class="comment">//<sp/><sp/><sp/><sp/><sp/><sp/><sp/><sp/><sp/><sp/><sp/><sp/><sp/><sp/><sp/><sp/><sp/><sp/><sp/><sp/><sp/><sp/><sp/><sp/><sp/><sp/><sp/>_Window(nullptr),</highlight><highlight class="normal"></highlight></codeline>
<codeline lineno="19"><highlight class="normal"><sp/><sp/><sp/><sp/></highlight><highlight class="comment">//<sp/><sp/><sp/><sp/><sp/><sp/><sp/><sp/><sp/><sp/><sp/><sp/><sp/><sp/><sp/><sp/><sp/><sp/><sp/><sp/><sp/><sp/><sp/><sp/><sp/><sp/><sp/>_Context(),</highlight><highlight class="normal"></highlight></codeline>
<codeline lineno="20"><highlight class="normal"><sp/><sp/><sp/><sp/></highlight><highlight class="comment">//<sp/><sp/><sp/><sp/><sp/><sp/><sp/><sp/><sp/><sp/><sp/><sp/><sp/><sp/><sp/><sp/><sp/><sp/><sp/><sp/><sp/><sp/><sp/><sp/><sp/><sp/><sp/>_Width(ScreenWidth),</highlight><highlight class="normal"></highlight></codeline>
<codeline lineno="21"><highlight class="normal"><sp/><sp/><sp/><sp/></highlight><highlight class="comment">//<sp/><sp/><sp/><sp/><sp/><sp/><sp/><sp/><sp/><sp/><sp/><sp/><sp/><sp/><sp/><sp/><sp/><sp/><sp/><sp/><sp/><sp/><sp/><sp/><sp/><sp/><sp/>_Height(ScreenHeight)</highlight><highlight class="normal"></highlight></codeline>
<codeline lineno="22"><highlight class="normal"><sp/><sp/><sp/><sp/></highlight><highlight class="comment">//{</highlight><highlight class="normal"></highlight></codeline>
<codeline lineno="23"><highlight class="normal"><sp/><sp/><sp/><sp/></highlight><highlight class="comment">//<sp/><sp/>DCEngine::Debug::PrintString(&quot;WindowSFML<sp/>constructed&quot;);<sp/></highlight><highlight class="normal"></highlight></codeline>
<codeline lineno="24"><highlight class="normal"><sp/><sp/><sp/><sp/></highlight><highlight class="comment">//}</highlight><highlight class="normal"></highlight></codeline>
<codeline lineno="25"><highlight class="normal"></highlight></codeline>
<codeline lineno="26"><highlight class="normal"><sp/><sp/><sp/><sp/></highlight><highlight class="keywordtype">void</highlight><highlight class="normal"><sp/>WindowSFML::Initialize()<sp/>{</highlight></codeline>
<codeline lineno="27"><highlight class="normal"><sp/><sp/><sp/><sp/><sp/><sp/></highlight><highlight class="comment">//<sp/>Register<sp/>the<sp/>component</highlight><highlight class="normal"></highlight></codeline>
<codeline lineno="28"><highlight class="normal"></highlight></codeline>
<codeline lineno="29"><highlight class="normal"><sp/><sp/><sp/><sp/><sp/><sp/></highlight><highlight class="comment">//<sp/>Tell<sp/>SFML<sp/>to<sp/>initialize</highlight><highlight class="normal"></highlight></codeline>
<codeline lineno="30"><highlight class="normal"></highlight></codeline>
<codeline lineno="31"><highlight class="normal"><sp/><sp/><sp/><sp/><sp/><sp/></highlight><highlight class="comment">//<sp/>Create<sp/>the<sp/>screen,<sp/>Set<sp/>position<sp/>and<sp/>screen<sp/>size</highlight><highlight class="normal"></highlight></codeline>
<codeline lineno="32"><highlight class="normal"></highlight></codeline>
<codeline lineno="33"><highlight class="normal"><sp/><sp/><sp/><sp/><sp/><sp/></highlight><highlight class="comment">//<sp/>Create<sp/>the<sp/>context<sp/>for<sp/>OpenGL</highlight><highlight class="normal"></highlight></codeline>
<codeline lineno="34"><highlight class="normal"><sp/><sp/><sp/><sp/>}</highlight></codeline>
<codeline lineno="35"><highlight class="normal"></highlight></codeline>
<codeline lineno="36"><highlight class="normal"><sp/><sp/><sp/><sp/></highlight><highlight class="keywordtype">void</highlight><highlight class="normal"><sp/>WindowSFML::Update(</highlight><highlight class="keywordtype">float</highlight><highlight class="normal"><sp/>dt)<sp/>{</highlight></codeline>
<codeline lineno="37"><highlight class="normal"><sp/><sp/><sp/><sp/>}</highlight></codeline>
<codeline lineno="38"><highlight class="normal"></highlight></codeline>
<codeline lineno="39"><highlight class="normal"><sp/><sp/><sp/><sp/></highlight><highlight class="keywordtype">void</highlight><highlight class="normal"><sp/>WindowSFML::Terminate()<sp/>{</highlight></codeline>
<codeline lineno="40"><highlight class="normal"><sp/><sp/><sp/><sp/>}</highlight></codeline>
<codeline lineno="41"><highlight class="normal"></highlight></codeline>
<codeline lineno="42"><highlight class="normal"><sp/><sp/>}</highlight></codeline>
<codeline lineno="43"><highlight class="normal"></highlight></codeline>
<codeline lineno="44"><highlight class="normal"></highlight></codeline>
<codeline lineno="45"><highlight class="normal">}</highlight></codeline>
<codeline lineno="46"><highlight class="normal"></highlight></codeline>
    </programlisting>
    <location file="D:/Google Drive/Digipen Institute of Technology/GAM 200/GAM200.git/DCEngine/Core/Systems/Window/WindowSFML.cpp"/>
  </compounddef>
</doxygen>
