<?xml version='1.0' encoding='UTF-8' standalone='no'?>
<doxygen xmlns:xsi="http://www.w3.org/2001/XMLSchema-instance" xsi:noNamespaceSchemaLocation="compound.xsd" version="1.8.10">
  <compounddef id="class_d_c_engine_1_1_engine" kind="class" language="C++" prot="public">
    <compoundname>DCEngine::Engine</compoundname>
      <sectiondef kind="private-attrib">
      <memberdef kind="variable" id="class_d_c_engine_1_1_engine_1ac662cce8b585ffabe1fe50391ce218b9" prot="private" static="no" mutable="no">
        <type>float</type>
        <definition>float DCEngine::Engine::dt</definition>
        <argsstring></argsstring>
        <name>dt</name>
        <briefdescription>
<para>Delta time. </para>        </briefdescription>
        <detaileddescription>
        </detaileddescription>
        <inbodydescription>
        </inbodydescription>
        <location file="D:/Google Drive/Digipen Institute of Technology/GAM 200/GAM200.git/DCEngine/Core/Engine/Engine.h" line="37" column="1" bodyfile="D:/Google Drive/Digipen Institute of Technology/GAM 200/GAM200.git/DCEngine/Core/Engine/Engine.h" bodystart="37" bodyend="-1"/>
      </memberdef>
      <memberdef kind="variable" id="class_d_c_engine_1_1_engine_1a5eaaab940d304c3c4019e318c4071a32" prot="private" static="no" mutable="no">
        <type>float</type>
        <definition>float DCEngine::Engine::_framerate</definition>
        <argsstring></argsstring>
        <name>_framerate</name>
        <initializer>= 60.0f</initializer>
        <briefdescription>
<para>The target frame rate. </para>        </briefdescription>
        <detaileddescription>
        </detaileddescription>
        <inbodydescription>
        </inbodydescription>
        <location file="D:/Google Drive/Digipen Institute of Technology/GAM 200/GAM200.git/DCEngine/Core/Engine/Engine.h" line="38" column="1" bodyfile="D:/Google Drive/Digipen Institute of Technology/GAM 200/GAM200.git/DCEngine/Core/Engine/Engine.h" bodystart="38" bodyend="-1"/>
      </memberdef>
      <memberdef kind="variable" id="class_d_c_engine_1_1_engine_1a6653eb11d46870c1db64e67411de357c" prot="private" static="no" mutable="no">
        <type>float</type>
        <definition>float DCEngine::Engine::_runtime</definition>
        <argsstring></argsstring>
        <name>_runtime</name>
        <briefdescription>
<para>How long the engine has been running. </para>        </briefdescription>
        <detaileddescription>
        </detaileddescription>
        <inbodydescription>
        </inbodydescription>
        <location file="D:/Google Drive/Digipen Institute of Technology/GAM 200/GAM200.git/DCEngine/Core/Engine/Engine.h" line="39" column="1" bodyfile="D:/Google Drive/Digipen Institute of Technology/GAM 200/GAM200.git/DCEngine/Core/Engine/Engine.h" bodystart="39" bodyend="-1"/>
      </memberdef>
      <memberdef kind="variable" id="class_d_c_engine_1_1_engine_1acd4bf7b9ce8e402c7b995b6449195744" prot="private" static="no" mutable="no">
        <type>bool</type>
        <definition>bool DCEngine::Engine::_active</definition>
        <argsstring></argsstring>
        <name>_active</name>
        <briefdescription>
<para>Whether the engine is active or not. </para>        </briefdescription>
        <detaileddescription>
        </detaileddescription>
        <inbodydescription>
        </inbodydescription>
        <location file="D:/Google Drive/Digipen Institute of Technology/GAM 200/GAM200.git/DCEngine/Core/Engine/Engine.h" line="40" column="1" bodyfile="D:/Google Drive/Digipen Institute of Technology/GAM 200/GAM200.git/DCEngine/Core/Engine/Engine.h" bodystart="40" bodyend="-1"/>
      </memberdef>
      <memberdef kind="variable" id="class_d_c_engine_1_1_engine_1a48d2287e2808289fcb1f675889525521" prot="private" static="no" mutable="no">
        <type>SystemVec</type>
        <definition>SystemVec DCEngine::Engine::_systems</definition>
        <argsstring></argsstring>
        <name>_systems</name>
        <briefdescription>
<para>Container for the engine&apos;s systems. </para>        </briefdescription>
        <detaileddescription>
        </detaileddescription>
        <inbodydescription>
        </inbodydescription>
        <location file="D:/Google Drive/Digipen Institute of Technology/GAM 200/GAM200.git/DCEngine/Core/Engine/Engine.h" line="42" column="1" bodyfile="D:/Google Drive/Digipen Institute of Technology/GAM 200/GAM200.git/DCEngine/Core/Engine/Engine.h" bodystart="42" bodyend="-1"/>
      </memberdef>
      </sectiondef>
      <sectiondef kind="public-func">
      <memberdef kind="function" id="class_d_c_engine_1_1_engine_1a4eb960f2e80ee5a40ed8132cffdb847b" prot="public" static="no" const="no" explicit="no" inline="no" virt="non-virtual">
        <type></type>
        <definition>DCEngine::Engine::Engine</definition>
        <argsstring>()</argsstring>
        <name>Engine</name>
        <briefdescription>
<para>The constructor for the <ref refid="class_d_c_engine_1_1_engine" kindref="compound">Engine</ref> object. </para>        </briefdescription>
        <detaileddescription>
        </detaileddescription>
        <inbodydescription>
        </inbodydescription>
        <location file="D:/Google Drive/Digipen Institute of Technology/GAM 200/GAM200.git/DCEngine/Core/Engine/Engine.h" line="22" column="1" bodyfile="D:/Google Drive/Digipen Institute of Technology/GAM 200/GAM200.git/DCEngine/Core/Engine/Engine.cpp" bodystart="36" bodyend="40"/>
      </memberdef>
      <memberdef kind="function" id="class_d_c_engine_1_1_engine_1a176d2c775e0e90976b537985cbc1b5da" prot="public" static="no" const="no" explicit="no" inline="no" virt="non-virtual">
        <type>void</type>
        <definition>void DCEngine::Engine::Initialize</definition>
        <argsstring>()</argsstring>
        <name>Initialize</name>
        <briefdescription>
<para>Initializes the engine. </para>        </briefdescription>
        <detaileddescription>
        </detaileddescription>
        <inbodydescription>
        </inbodydescription>
        <location file="D:/Google Drive/Digipen Institute of Technology/GAM 200/GAM200.git/DCEngine/Core/Engine/Engine.h" line="23" column="1" bodyfile="D:/Google Drive/Digipen Institute of Technology/GAM 200/GAM200.git/DCEngine/Core/Engine/Engine.cpp" bodystart="47" bodyend="70"/>
      </memberdef>
      <memberdef kind="function" id="class_d_c_engine_1_1_engine_1afbb78ff689375002846db38407a3a541" prot="public" static="no" const="no" explicit="no" inline="no" virt="non-virtual">
        <type>void</type>
        <definition>void DCEngine::Engine::Update</definition>
        <argsstring>(float dt)</argsstring>
        <name>Update</name>
        <param>
          <type>float</type>
          <declname>dt</declname>
        </param>
        <briefdescription>
<para>Updates all the systems. </para>        </briefdescription>
        <detaileddescription>
        </detaileddescription>
        <inbodydescription>
        </inbodydescription>
        <location file="D:/Google Drive/Digipen Institute of Technology/GAM 200/GAM200.git/DCEngine/Core/Engine/Engine.h" line="25" column="1" bodyfile="D:/Google Drive/Digipen Institute of Technology/GAM 200/GAM200.git/DCEngine/Core/Engine/Engine.cpp" bodystart="94" bodyend="110"/>
      </memberdef>
      <memberdef kind="function" id="class_d_c_engine_1_1_engine_1a2047d0ca31bb95233b1359cd91689fa9" prot="public" static="no" const="no" explicit="no" inline="no" virt="non-virtual">
        <type>void</type>
        <definition>void DCEngine::Engine::Loop</definition>
        <argsstring>()</argsstring>
        <name>Loop</name>
        <briefdescription>
<para>The main loop for the engine. </para>        </briefdescription>
        <detaileddescription>
        </detaileddescription>
        <inbodydescription>
        </inbodydescription>
        <location file="D:/Google Drive/Digipen Institute of Technology/GAM 200/GAM200.git/DCEngine/Core/Engine/Engine.h" line="26" column="1" bodyfile="D:/Google Drive/Digipen Institute of Technology/GAM 200/GAM200.git/DCEngine/Core/Engine/Engine.cpp" bodystart="117" bodyend="125"/>
      </memberdef>
      <memberdef kind="function" id="class_d_c_engine_1_1_engine_1ac8225568833a359ac2e127ccaa28a2c2" prot="public" static="no" const="no" explicit="no" inline="yes" virt="non-virtual">
        <type>auto</type>
        <definition>auto DCEngine::Engine::Stop</definition>
        <argsstring>()</argsstring>
        <name>Stop</name>
        <briefdescription>
        </briefdescription>
        <detaileddescription>
        </detaileddescription>
        <inbodydescription>
        </inbodydescription>
        <location file="D:/Google Drive/Digipen Institute of Technology/GAM 200/GAM200.git/DCEngine/Core/Engine/Engine.h" line="28" column="1" bodyfile="D:/Google Drive/Digipen Institute of Technology/GAM 200/GAM200.git/DCEngine/Core/Engine/Engine.h" bodystart="28" bodyend="28"/>
      </memberdef>
      <memberdef kind="function" id="class_d_c_engine_1_1_engine_1aad7f9a3c77d28ba49922ec1d67b4a19a" prot="public" static="no" const="no" explicit="no" inline="no" virt="non-virtual">
        <type>void</type>
        <definition>void DCEngine::Engine::Terminate</definition>
        <argsstring>()</argsstring>
        <name>Terminate</name>
        <briefdescription>
<para>Terminates all the systems, clears out the spaces, and shuts down and pops all the game states. </para>        </briefdescription>
        <detaileddescription>
        </detaileddescription>
        <inbodydescription>
        </inbodydescription>
        <location file="D:/Google Drive/Digipen Institute of Technology/GAM 200/GAM200.git/DCEngine/Core/Engine/Engine.h" line="29" column="1" bodyfile="D:/Google Drive/Digipen Institute of Technology/GAM 200/GAM200.git/DCEngine/Core/Engine/Engine.cpp" bodystart="78" bodyend="87"/>
      </memberdef>
      <memberdef kind="function" id="class_d_c_engine_1_1_engine_1a2d09bc476dc53950f75e2be1b4fe6e49" prot="public" static="no" const="no" explicit="no" inline="no" virt="non-virtual">
        <templateparamlist>
          <param>
            <type>typename T</type>
          </param>
        </templateparamlist>
        <type>std::shared_ptr&lt; T &gt;</type>
        <definition>std::shared_ptr&lt; T &gt; DCEngine::Engine::GetSystem</definition>
        <argsstring>(EnumeratedSystem sysType)</argsstring>
        <name>GetSystem</name>
        <param>
          <type>EnumeratedSystem</type>
          <declname>sysType</declname>
        </param>
        <briefdescription>
<para>Allows access to a system running in the engine via system type. </para>        </briefdescription>
        <detaileddescription>
<para><simplesect kind="note"><para>This function call can be made much easier using the GETSYSTEM macro that takes a system typename and expands it to fill the template parameters. </para></simplesect>
<parameterlist kind="param"><parameteritem>
<parameternamelist>
<parametername direction="in">sysType</parametername>
</parameternamelist>
<parameterdescription>
<para></para></parameterdescription>
</parameteritem>
</parameterlist>
<simplesect kind="return"><para>A shared poitner to the requested system. </para></simplesect>
</para>        </detaileddescription>
        <inbodydescription>
        </inbodydescription>
        <location file="D:/Google Drive/Digipen Institute of Technology/GAM 200/GAM200.git/DCEngine/Core/Engine/Engine.h" line="31" column="1" bodyfile="D:/Google Drive/Digipen Institute of Technology/GAM 200/GAM200.git/DCEngine/Core/Engine/Engine.h" bodystart="63" bodyend="72"/>
      </memberdef>
      <memberdef kind="function" id="class_d_c_engine_1_1_engine_1ae327b1b68a3c0e2ec87a6c666dafaf5d" prot="public" static="no" const="no" explicit="no" inline="yes" virt="non-virtual">
        <type>auto</type>
        <definition>auto DCEngine::Engine::Getdt</definition>
        <argsstring>()</argsstring>
        <name>Getdt</name>
        <briefdescription>
        </briefdescription>
        <detaileddescription>
        </detaileddescription>
        <inbodydescription>
        </inbodydescription>
        <location file="D:/Google Drive/Digipen Institute of Technology/GAM 200/GAM200.git/DCEngine/Core/Engine/Engine.h" line="32" column="1" bodyfile="D:/Google Drive/Digipen Institute of Technology/GAM 200/GAM200.git/DCEngine/Core/Engine/Engine.h" bodystart="32" bodyend="32"/>
      </memberdef>
      </sectiondef>
    <briefdescription>
    </briefdescription>
    <detaileddescription>
    </detaileddescription>
    <location file="D:/Google Drive/Digipen Institute of Technology/GAM 200/GAM200.git/DCEngine/Core/Engine/Engine.h" line="19" column="1" bodyfile="D:/Google Drive/Digipen Institute of Technology/GAM 200/GAM200.git/DCEngine/Core/Engine/Engine.h" bodystart="19" bodyend="46"/>
    <listofallmembers>
      <member refid="class_d_c_engine_1_1_engine_1acd4bf7b9ce8e402c7b995b6449195744" prot="private" virt="non-virtual"><scope>DCEngine::Engine</scope><name>_active</name></member>
      <member refid="class_d_c_engine_1_1_engine_1a5eaaab940d304c3c4019e318c4071a32" prot="private" virt="non-virtual"><scope>DCEngine::Engine</scope><name>_framerate</name></member>
      <member refid="class_d_c_engine_1_1_engine_1a6653eb11d46870c1db64e67411de357c" prot="private" virt="non-virtual"><scope>DCEngine::Engine</scope><name>_runtime</name></member>
      <member refid="class_d_c_engine_1_1_engine_1a48d2287e2808289fcb1f675889525521" prot="private" virt="non-virtual"><scope>DCEngine::Engine</scope><name>_systems</name></member>
      <member refid="class_d_c_engine_1_1_engine_1ac662cce8b585ffabe1fe50391ce218b9" prot="private" virt="non-virtual"><scope>DCEngine::Engine</scope><name>dt</name></member>
      <member refid="class_d_c_engine_1_1_engine_1a4eb960f2e80ee5a40ed8132cffdb847b" prot="public" virt="non-virtual"><scope>DCEngine::Engine</scope><name>Engine</name></member>
      <member refid="class_d_c_engine_1_1_engine_1ae327b1b68a3c0e2ec87a6c666dafaf5d" prot="public" virt="non-virtual"><scope>DCEngine::Engine</scope><name>Getdt</name></member>
      <member refid="class_d_c_engine_1_1_engine_1a2d09bc476dc53950f75e2be1b4fe6e49" prot="public" virt="non-virtual"><scope>DCEngine::Engine</scope><name>GetSystem</name></member>
      <member refid="class_d_c_engine_1_1_engine_1a176d2c775e0e90976b537985cbc1b5da" prot="public" virt="non-virtual"><scope>DCEngine::Engine</scope><name>Initialize</name></member>
      <member refid="class_d_c_engine_1_1_engine_1a2047d0ca31bb95233b1359cd91689fa9" prot="public" virt="non-virtual"><scope>DCEngine::Engine</scope><name>Loop</name></member>
      <member refid="class_d_c_engine_1_1_engine_1ac8225568833a359ac2e127ccaa28a2c2" prot="public" virt="non-virtual"><scope>DCEngine::Engine</scope><name>Stop</name></member>
      <member refid="class_d_c_engine_1_1_engine_1aad7f9a3c77d28ba49922ec1d67b4a19a" prot="public" virt="non-virtual"><scope>DCEngine::Engine</scope><name>Terminate</name></member>
      <member refid="class_d_c_engine_1_1_engine_1afbb78ff689375002846db38407a3a541" prot="public" virt="non-virtual"><scope>DCEngine::Engine</scope><name>Update</name></member>
    </listofallmembers>
  </compounddef>
</doxygen>
