<?xml version='1.0' encoding='UTF-8' standalone='no'?>
<doxygen xmlns:xsi="http://www.w3.org/2001/XMLSchema-instance" xsi:noNamespaceSchemaLocation="compound.xsd" version="1.8.10">
  <compounddef id="dir_59c10b51c8380b58e1f1bb38ac61eeb3" kind="dir">
    <compoundname>D:/Google Drive/Digipen Institute of Technology/GAM 200/GAM200.git/DCEngine/Core/Debug</compoundname>
    <innerfile refid="_debug_8cpp">Debug.cpp</innerfile>
    <innerfile refid="_debug_8h">Debug.h</innerfile>
    <briefdescription>
    </briefdescription>
    <detaileddescription>
    </detaileddescription>
    <location file="D:/Google Drive/Digipen Institute of Technology/GAM 200/GAM200.git/DCEngine/Core/Debug/"/>
  </compounddef>
</doxygen>
