<?xml version='1.0' encoding='UTF-8' standalone='no'?>
<doxygenindex xmlns:xsi="http://www.w3.org/2001/XMLSchema-instance" xsi:noNamespaceSchemaLocation="index.xsd" version="1.8.10">
  <compound refid="class_d_c_engine_1_1_component" kind="class"><name>DCEngine::Component</name>
    <member refid="class_d_c_engine_1_1_component_1a7bf6bc963e69c04e3dc0e6bca8815ae4" kind="variable"><name>_type</name></member>
    <member refid="class_d_c_engine_1_1_component_1a22777cdc225183192dce8b7ce056ef89" kind="variable"><name>_mask</name></member>
    <member refid="class_d_c_engine_1_1_component_1a752d9440ddc2d1aeb82386ab0143179e" kind="function"><name>Component</name></member>
    <member refid="class_d_c_engine_1_1_component_1a0772cc39c090f3e9139dbe8aacfdff7f" kind="function"><name>~Component</name></member>
    <member refid="class_d_c_engine_1_1_component_1a01110c95a4ab8ca2881edde6c6ff5bd5" kind="function"><name>Component</name></member>
  </compound>
  <compound refid="class_d_c_engine_1_1_engine" kind="class"><name>DCEngine::Engine</name>
    <member refid="class_d_c_engine_1_1_engine_1ac662cce8b585ffabe1fe50391ce218b9" kind="variable"><name>dt</name></member>
    <member refid="class_d_c_engine_1_1_engine_1a5eaaab940d304c3c4019e318c4071a32" kind="variable"><name>_framerate</name></member>
    <member refid="class_d_c_engine_1_1_engine_1a6653eb11d46870c1db64e67411de357c" kind="variable"><name>_runtime</name></member>
    <member refid="class_d_c_engine_1_1_engine_1acd4bf7b9ce8e402c7b995b6449195744" kind="variable"><name>_active</name></member>
    <member refid="class_d_c_engine_1_1_engine_1a48d2287e2808289fcb1f675889525521" kind="variable"><name>_systems</name></member>
    <member refid="class_d_c_engine_1_1_engine_1a4eb960f2e80ee5a40ed8132cffdb847b" kind="function"><name>Engine</name></member>
    <member refid="class_d_c_engine_1_1_engine_1a176d2c775e0e90976b537985cbc1b5da" kind="function"><name>Initialize</name></member>
    <member refid="class_d_c_engine_1_1_engine_1afbb78ff689375002846db38407a3a541" kind="function"><name>Update</name></member>
    <member refid="class_d_c_engine_1_1_engine_1a2047d0ca31bb95233b1359cd91689fa9" kind="function"><name>Loop</name></member>
    <member refid="class_d_c_engine_1_1_engine_1ac8225568833a359ac2e127ccaa28a2c2" kind="function"><name>Stop</name></member>
    <member refid="class_d_c_engine_1_1_engine_1aad7f9a3c77d28ba49922ec1d67b4a19a" kind="function"><name>Terminate</name></member>
    <member refid="class_d_c_engine_1_1_engine_1a2d09bc476dc53950f75e2be1b4fe6e49" kind="function"><name>GetSystem</name></member>
    <member refid="class_d_c_engine_1_1_engine_1ae327b1b68a3c0e2ec87a6c666dafaf5d" kind="function"><name>Getdt</name></member>
  </compound>
  <compound refid="class_d_c_engine_1_1_entity" kind="class"><name>DCEngine::Entity</name>
    <member refid="class_d_c_engine_1_1_entity_1a531ea60c9745ceceed994f21274e1443" kind="variable"><name>_name</name></member>
    <member refid="class_d_c_engine_1_1_entity_1a897aa3ded8d8287b6dc6f6593817ee64" kind="variable"><name>_mask</name></member>
    <member refid="class_d_c_engine_1_1_entity_1ab46187f1210bf357585b3fd2682b17e5" kind="variable"><name>_collider</name></member>
    <member refid="class_d_c_engine_1_1_entity_1a0dd90154d85469fe214a3bd19e67d95a" kind="variable"><name>_components</name></member>
    <member refid="class_d_c_engine_1_1_entity_1a47a5178e7a622391d2a489389537de35" kind="function"><name>AddComponent</name></member>
    <member refid="class_d_c_engine_1_1_entity_1acb3561ee7fa96f33e54fca192fdee5d0" kind="function"><name>RemoveComponent</name></member>
    <member refid="class_d_c_engine_1_1_entity_1af7da2de0770f799411d808da65c994f6" kind="function"><name>HasComponent</name></member>
    <member refid="class_d_c_engine_1_1_entity_1a728d435cdf9d25f6c8a93c9f21714a19" kind="function"><name>Mask</name></member>
    <member refid="class_d_c_engine_1_1_entity_1a15f844f0a3bfb278affd89400dc6f1f7" kind="function"><name>CheckMask</name></member>
    <member refid="class_d_c_engine_1_1_entity_1aa6d72c4fb8cc7832de393115bd8ae833" kind="function"><name>GetCollider</name></member>
    <member refid="class_d_c_engine_1_1_entity_1ae4a0528d6fa668243c7b4fc20bed5bda" kind="function"><name>GetComponent</name></member>
  </compound>
  <compound refid="class_d_c_engine_1_1_systems_1_1_graphics_g_l" kind="class"><name>DCEngine::Systems::GraphicsGL</name>
    <member refid="class_d_c_engine_1_1_systems_1_1_graphics_g_l_1a7da36709bb2595bde76eb0fde43e129d" kind="function"><name>GraphicsGL</name></member>
    <member refid="class_d_c_engine_1_1_systems_1_1_graphics_g_l_1a4729992064dbbc04575f695347d8a296" kind="function"><name>Initialize</name></member>
    <member refid="class_d_c_engine_1_1_systems_1_1_graphics_g_l_1acf90675210727ccdd53b4c96e3528823" kind="function"><name>Update</name></member>
    <member refid="class_d_c_engine_1_1_systems_1_1_graphics_g_l_1a40c2268945c41fa364a60ca1b425df94" kind="function"><name>Terminate</name></member>
  </compound>
  <compound refid="class_d_c_engine_1_1_space" kind="class"><name>DCEngine::Space</name>
    <member refid="class_d_c_engine_1_1_space_1a4162ba5fac0d91e07488f99000c165c8" kind="variable"><name>_name</name></member>
    <member refid="class_d_c_engine_1_1_space_1abbb3126f4f8a814ae466eff49bf550be" kind="variable"><name>_camera</name></member>
    <member refid="class_d_c_engine_1_1_space_1ae33b2403e55bca4bc42abbebc209ae6a" kind="variable"><name>_entities</name></member>
    <member refid="class_d_c_engine_1_1_space_1a49d3d3372c6ad254cc627fa209161c95" kind="variable"><name>_systems</name></member>
    <member refid="class_d_c_engine_1_1_space_1a7cfd0ac32189aae2e219a8f4650ffff5" kind="function"><name>Space</name></member>
    <member refid="class_d_c_engine_1_1_space_1a844d3c1a2ef3318b49033b62686135c8" kind="function"><name>~Space</name></member>
    <member refid="class_d_c_engine_1_1_space_1aa89094484fab236624982dcc6f911b1e" kind="function"><name>Update</name></member>
    <member refid="class_d_c_engine_1_1_space_1a8a805d4178b8c302c316abd6c547caa2" kind="function"><name>AddSystem</name></member>
    <member refid="class_d_c_engine_1_1_space_1ae62f9721155ffe30191bb7c6006bd79c" kind="function"><name>RemoveSystem</name></member>
    <member refid="class_d_c_engine_1_1_space_1a7b3b91567dcabb297efb3813ff872b8b" kind="function"><name>CreateEntity</name></member>
    <member refid="class_d_c_engine_1_1_space_1a4093f56f1f9693a646fea3fa5132d66f" kind="function"><name>AddEntity</name></member>
    <member refid="class_d_c_engine_1_1_space_1acc1abe9447bed6ccbd57a7b055dadb9c" kind="function"><name>PopulateEntities</name></member>
    <member refid="class_d_c_engine_1_1_space_1a179bddce438754872fdad2d052356ce9" kind="function"><name>RemoveEntity</name></member>
    <member refid="class_d_c_engine_1_1_space_1ac294560dd721350c4fbe15b46bcc18f2" kind="function"><name>Clear</name></member>
    <member refid="class_d_c_engine_1_1_space_1adb15a44fa1d7f8f873f42c2fca376c6d" kind="function"><name>Space</name></member>
    <member refid="class_d_c_engine_1_1_space_1ab2b64cfbc5b6fef7a9c2cf6c5bc6ddea" kind="function"><name>Space</name></member>
  </compound>
  <compound refid="class_d_c_engine_1_1_system" kind="class"><name>DCEngine::System</name>
    <member refid="class_d_c_engine_1_1_system_1a2129e6c0ac73536a2ac4f681dae16947" kind="friend"><name>Space</name></member>
    <member refid="class_d_c_engine_1_1_system_1a3e1914489e4bed4f9f23cdeab34a43dc" kind="friend"><name>Engine</name></member>
    <member refid="class_d_c_engine_1_1_system_1ac87c16a4ddaf36fefd3747facf817d08" kind="variable"><name>_name</name></member>
    <member refid="class_d_c_engine_1_1_system_1a5edcef5d0bed27b80ed6fa7437476fb7" kind="variable"><name>_type</name></member>
    <member refid="class_d_c_engine_1_1_system_1ad2c9bfaf50eb092b11eca44c50003792" kind="variable"><name>_entities</name></member>
    <member refid="class_d_c_engine_1_1_system_1ab9c1e1c908ad61cdc96b2bfbf1be3387" kind="variable"><name>_mask</name></member>
    <member refid="class_d_c_engine_1_1_system_1ac0b8cac597bf207ccfd9bb60a8955e79" kind="function"><name>System</name></member>
    <member refid="class_d_c_engine_1_1_system_1aaa724b7d16242b08dd82a16bdd1e62e4" kind="function"><name>Initialize</name></member>
    <member refid="class_d_c_engine_1_1_system_1a7a9a1fc31f9f64bd665253c330dff8f2" kind="function"><name>Update</name></member>
    <member refid="class_d_c_engine_1_1_system_1a236b4262ba170b5e218f8091245bc7c3" kind="function"><name>Terminate</name></member>
    <member refid="class_d_c_engine_1_1_system_1a1a484ac0c8d5a10150154ef9b5470b79" kind="function"><name>ClearEntities</name></member>
    <member refid="class_d_c_engine_1_1_system_1ab52f759a9ebedeba5e759edb3be9e8cc" kind="function"><name>Mask</name></member>
    <member refid="class_d_c_engine_1_1_system_1a6c967aee673c0b79b69f5fd2a0af7764" kind="function"><name>System</name></member>
  </compound>
  <compound refid="class_d_c_engine_1_1_systems_1_1_window_g_l_f_w" kind="class"><name>DCEngine::Systems::WindowGLFW</name>
    <member refid="class_d_c_engine_1_1_systems_1_1_window_g_l_f_w_1a7b3a7af59f657d615f3497ded366b12f" kind="variable"><name>_window</name></member>
    <member refid="class_d_c_engine_1_1_systems_1_1_window_g_l_f_w_1a364fa758a99c160fcc795af65e5b1391" kind="variable"><name>_width</name></member>
    <member refid="class_d_c_engine_1_1_systems_1_1_window_g_l_f_w_1a01bd7c71d591db2dc1a9a2a5f74fb68c" kind="variable"><name>_height</name></member>
    <member refid="class_d_c_engine_1_1_systems_1_1_window_g_l_f_w_1a31c2b6c1fd1eedebebbd46e93a25fa78" kind="function"><name>WindowGLFW</name></member>
    <member refid="class_d_c_engine_1_1_systems_1_1_window_g_l_f_w_1ac7ae83e32fa53469db47d007725491f7" kind="function"><name>Initialize</name></member>
    <member refid="class_d_c_engine_1_1_systems_1_1_window_g_l_f_w_1aacb64154bec4046bb18105a886e140af" kind="function"><name>Update</name></member>
    <member refid="class_d_c_engine_1_1_systems_1_1_window_g_l_f_w_1abeadd8d68952d364d9753b3b05941e83" kind="function"><name>Terminate</name></member>
    <member refid="class_d_c_engine_1_1_systems_1_1_window_g_l_f_w_1a09d7b716caed459967d25d527c950f28" kind="function"><name>StartFrame</name></member>
    <member refid="class_d_c_engine_1_1_systems_1_1_window_g_l_f_w_1a35fda5b7925aa2c54d07b731c5b8ec3f" kind="function"><name>EndFrame</name></member>
    <member refid="class_d_c_engine_1_1_systems_1_1_window_g_l_f_w_1acb8d339a74359c8e8b4d1fec164006e5" kind="function"><name>PollEvents</name></member>
    <member refid="class_d_c_engine_1_1_systems_1_1_window_g_l_f_w_1af726ff44b67f486479d701f6997af4e0" kind="function"><name>ViewportUpdate</name></member>
    <member refid="class_d_c_engine_1_1_systems_1_1_window_g_l_f_w_1a78eb357fd3be382681387657604c0f09" kind="function"><name>KeyCallback</name></member>
  </compound>
  <compound refid="namespace_d_c_engine" kind="namespace"><name>DCEngine</name>
    <member refid="namespace_d_c_engine_1a2070acdb2779359386a6c15177dd3aa1" kind="enum"><name>EnumeratedComponent</name></member>
    <member refid="namespace_d_c_engine_1a2070acdb2779359386a6c15177dd3aa1a6adf97f83acf6453d4a6a4b1070f3754" kind="enumvalue"><name>None</name></member>
    <member refid="namespace_d_c_engine_1a2070acdb2779359386a6c15177dd3aa1a2ff4148554480a37f85efd299df04850" kind="enumvalue"><name>Transform</name></member>
    <member refid="namespace_d_c_engine_1a2070acdb2779359386a6c15177dd3aa1a51f2b7b14433aa22c67d1f4fc18943cd" kind="enumvalue"><name>Sprite</name></member>
    <member refid="namespace_d_c_engine_1a2070acdb2779359386a6c15177dd3aa1adb83586953626fa768361e2e8dd18959" kind="enumvalue"><name>Drawable</name></member>
    <member refid="namespace_d_c_engine_1a2070acdb2779359386a6c15177dd3aa1a3b8f7696879f77dfc8c74aa8df8db24b" kind="enumvalue"><name>Capacity</name></member>
    <member refid="namespace_d_c_engine_1ad1a794911fd3dcee76908840742ffe69" kind="enum"><name>BitfieldComponent</name></member>
    <member refid="namespace_d_c_engine_1ad1a794911fd3dcee76908840742ffe69abd9f7c5d6ab4201b138a3e51dab7056f" kind="enumvalue"><name>Alive</name></member>
    <member refid="namespace_d_c_engine_1ad1a794911fd3dcee76908840742ffe69a2ff4148554480a37f85efd299df04850" kind="enumvalue"><name>Transform</name></member>
    <member refid="namespace_d_c_engine_1ad1a794911fd3dcee76908840742ffe69a51f2b7b14433aa22c67d1f4fc18943cd" kind="enumvalue"><name>Sprite</name></member>
    <member refid="namespace_d_c_engine_1ad1a794911fd3dcee76908840742ffe69adb83586953626fa768361e2e8dd18959" kind="enumvalue"><name>Drawable</name></member>
    <member refid="namespace_d_c_engine_1ad1a794911fd3dcee76908840742ffe69a00d1bdd9f7637df8cf6a18686bb9ecb1" kind="enumvalue"><name>NoObjects</name></member>
    <member refid="namespace_d_c_engine_1a341591152788b3462130bbcf8c4805cb" kind="enum"><name>EnumeratedSystem</name></member>
    <member refid="namespace_d_c_engine_1a341591152788b3462130bbcf8c4805cba77a872a299c480573c76602da561f7ff" kind="enumvalue"><name>WindowGLFW</name></member>
    <member refid="namespace_d_c_engine_1a341591152788b3462130bbcf8c4805cba39716f594d1dcfe6b8ed4ee571239f97" kind="enumvalue"><name>GraphicsGL</name></member>
    <member refid="namespace_d_c_engine_1a368adc05af87f06e0df93cc805cda622" kind="typedef"><name>mask</name></member>
    <member refid="namespace_d_c_engine_1aa6ac25a69516ae5e1d0b13812973baf4" kind="typedef"><name>ComponentPtr</name></member>
    <member refid="namespace_d_c_engine_1a2e7f474eec165d1a7552f0b4473ee4cd" kind="typedef"><name>ComponentVec</name></member>
    <member refid="namespace_d_c_engine_1ab8c32f2bbf4540fd004daf060736b830" kind="typedef"><name>EntityPtr</name></member>
    <member refid="namespace_d_c_engine_1a2c7646cec3086843b0dd5d63dbd70cac" kind="typedef"><name>EntityVec</name></member>
    <member refid="namespace_d_c_engine_1a47ef64c25153eee7ce8f136689160830" kind="typedef"><name>SpacePtr</name></member>
    <member refid="namespace_d_c_engine_1a396ae49846fea65f7a97616600233c5e" kind="typedef"><name>ESys</name></member>
    <member refid="namespace_d_c_engine_1a768b682449db5128155afda362871943" kind="typedef"><name>SystemPtr</name></member>
    <member refid="namespace_d_c_engine_1a285425049f043057862000e2a3cdeead" kind="typedef"><name>SystemVec</name></member>
    <member refid="namespace_d_c_engine_1ad6e9720c2808519dd015d75d1af0b284" kind="variable"><name>ENGINE</name></member>
  </compound>
  <compound refid="namespace_d_c_engine_1_1_systems" kind="namespace"><name>DCEngine::Systems</name>
  </compound>
  <compound refid="namespace_debug" kind="namespace"><name>Debug</name>
    <member refid="namespace_debug_1a31a836c8a0ca3bb3ab53448d700d374b" kind="function"><name>PrintString</name></member>
    <member refid="namespace_debug_1a77fb55c0947f50b5d123eaea7b712ae6" kind="function"><name>PrintFPS</name></member>
  </compound>
  <compound refid="_debug_8cpp" kind="file"><name>Debug.cpp</name>
  </compound>
  <compound refid="_debug_8h" kind="file"><name>Debug.h</name>
  </compound>
  <compound refid="_component_8h" kind="file"><name>Component.h</name>
  </compound>
  <compound refid="_engine_8cpp" kind="file"><name>Engine.cpp</name>
  </compound>
  <compound refid="_engine_8h" kind="file"><name>Engine.h</name>
    <member refid="_engine_8h_1a5f0871d5b7089c471c9055f3bf97e203" kind="define"><name>GETSYSTEM</name></member>
  </compound>
  <compound refid="_entity_8cpp" kind="file"><name>Entity.cpp</name>
  </compound>
  <compound refid="_entity_8h" kind="file"><name>Entity.h</name>
    <member refid="_entity_8h_1a33a292664c49d6754e3c08ca7806fdef" kind="define"><name>GET_COMPONENT</name></member>
  </compound>
  <compound refid="_space_8cpp" kind="file"><name>Space.cpp</name>
  </compound>
  <compound refid="_space_8h" kind="file"><name>Space.h</name>
  </compound>
  <compound refid="_main_8cpp" kind="file"><name>Main.cpp</name>
    <member refid="_main_8cpp_1a700a0caa5b70a06d1064e576f9f3cf65" kind="function"><name>main</name></member>
  </compound>
  <compound refid="_graphics_g_l_8cpp" kind="file"><name>GraphicsGL.cpp</name>
  </compound>
  <compound refid="_graphics_g_l_8h" kind="file"><name>GraphicsGL.h</name>
    <member refid="_graphics_g_l_8h_1abcde84ea0ef5f934384e4620f092c85a" kind="define"><name>GLEW_STATIC</name></member>
  </compound>
  <compound refid="_input_g_l_f_w_8h" kind="file"><name>InputGLFW.h</name>
  </compound>
  <compound refid="_system_8cpp" kind="file"><name>System.cpp</name>
  </compound>
  <compound refid="_system_8h" kind="file"><name>System.h</name>
  </compound>
  <compound refid="_systems_include_8h" kind="file"><name>SystemsInclude.h</name>
  </compound>
  <compound refid="_window_g_l_f_w_8cpp" kind="file"><name>WindowGLFW.cpp</name>
  </compound>
  <compound refid="_window_g_l_f_w_8h" kind="file"><name>WindowGLFW.h</name>
    <member refid="_window_g_l_f_w_8h_1abcde84ea0ef5f934384e4620f092c85a" kind="define"><name>GLEW_STATIC</name></member>
    <member refid="_window_g_l_f_w_8h_1a6bf1cba79fa31ad73b546f6afb4f9404" kind="define"><name>GLFW_BUILD_DLL</name></member>
  </compound>
  <compound refid="dir_c6310732a22f63c0c2fc5595561e68f1" kind="dir"><name>D:/Google Drive/Digipen Institute of Technology/GAM 200/GAM200.git/DCEngine/Core</name>
  </compound>
  <compound refid="dir_59c10b51c8380b58e1f1bb38ac61eeb3" kind="dir"><name>D:/Google Drive/Digipen Institute of Technology/GAM 200/GAM200.git/DCEngine/Core/Debug</name>
  </compound>
  <compound refid="dir_9356e13bc93a39964003fa6a9b8523b1" kind="dir"><name>D:/Google Drive/Digipen Institute of Technology/GAM 200/GAM200.git/DCEngine/Core/Engine</name>
  </compound>
  <compound refid="dir_e17209fb85b2b1c77e98d32ae6a80e95" kind="dir"><name>D:/Google Drive/Digipen Institute of Technology/GAM 200/GAM200.git/DCEngine/Core/Systems/Graphics</name>
  </compound>
  <compound refid="dir_631fa01fc5752cee64ad65bb661fdbff" kind="dir"><name>D:/Google Drive/Digipen Institute of Technology/GAM 200/GAM200.git/DCEngine/Core/Systems/Input</name>
  </compound>
  <compound refid="dir_5c45366b23e26f7ab7dba2cf4b5a5745" kind="dir"><name>D:/Google Drive/Digipen Institute of Technology/GAM 200/GAM200.git/DCEngine/Core/Systems</name>
  </compound>
  <compound refid="dir_cdbf91ee267864a33c9aca4e08c33f86" kind="dir"><name>D:/Google Drive/Digipen Institute of Technology/GAM 200/GAM200.git/DCEngine/Core/Systems/Window</name>
  </compound>
</doxygenindex>
