<?xml version='1.0' encoding='UTF-8' standalone='no'?>
<doxygen xmlns:xsi="http://www.w3.org/2001/XMLSchema-instance" xsi:noNamespaceSchemaLocation="compound.xsd" version="1.8.10">
  <compounddef id="_engine_8cpp" kind="file" language="C++">
    <compoundname>Engine.cpp</compoundname>
    <includes refid="_engine_8h" local="yes">Engine.h</includes>
    <includes local="no">cassert</includes>
    <includes refid="_space_8h" local="yes">Space.h</includes>
    <includes refid="_systems_include_8h" local="yes">..\Systems\SystemsInclude.h</includes>
    <includes local="no">stddef.h</includes>
    <includes local="no">stdint.h</includes>
    <includes local="no">GL/glu.h</includes>
    <includes local="no">GL/gl.h</includes>
    <includes local="yes">..\..\Libraries\Timer.h</includes>
    <includes local="no">chrono</includes>
    <includes refid="_debug_8h" local="yes">..\Debug\Debug.h</includes>
    <incdepgraph>
      <node id="51">
        <label>..\Debug\Debug.h</label>
        <link refid="_debug_8h"/>
        <childnode refid="34" relation="include">
        </childnode>
        <childnode refid="52" relation="include">
        </childnode>
      </node>
      <node id="42">
        <label>..\..\..\Dependencies\include\GLEW\glew.h</label>
      </node>
      <node id="33">
        <label>..\Systems\System.h</label>
        <link refid="_system_8h"/>
        <childnode refid="34" relation="include">
        </childnode>
        <childnode refid="32" relation="include">
        </childnode>
        <childnode refid="35" relation="include">
        </childnode>
        <childnode refid="36" relation="include">
        </childnode>
      </node>
      <node id="46">
        <label>stdint.h</label>
      </node>
      <node id="37">
        <label>cassert</label>
      </node>
      <node id="34">
        <label>string</label>
      </node>
      <node id="39">
        <label>Space.h</label>
        <link refid="_space_8h"/>
        <childnode refid="34" relation="include">
        </childnode>
        <childnode refid="35" relation="include">
        </childnode>
        <childnode refid="32" relation="include">
        </childnode>
        <childnode refid="33" relation="include">
        </childnode>
        <childnode refid="36" relation="include">
        </childnode>
        <childnode refid="38" relation="include">
        </childnode>
      </node>
      <node id="44">
        <label>../Systems/Graphics/GraphicsGL.h</label>
        <link refid="_graphics_g_l_8h_source"/>
        <childnode refid="33" relation="include">
        </childnode>
        <childnode refid="42" relation="include">
        </childnode>
      </node>
      <node id="45">
        <label>stddef.h</label>
      </node>
      <node id="36">
        <label>..\Engine\Entity.h</label>
        <link refid="_entity_8h_source"/>
        <childnode refid="37" relation="include">
        </childnode>
        <childnode refid="32" relation="include">
        </childnode>
        <childnode refid="35" relation="include">
        </childnode>
        <childnode refid="34" relation="include">
        </childnode>
        <childnode refid="38" relation="include">
        </childnode>
      </node>
      <node id="47">
        <label>GL/glu.h</label>
      </node>
      <node id="31">
        <label>Engine.h</label>
        <link refid="_engine_8h"/>
        <childnode refid="32" relation="include">
        </childnode>
        <childnode refid="33" relation="include">
        </childnode>
      </node>
      <node id="30">
        <label>D:/Google Drive/Digipen Institute of Technology/GAM 200/GAM200.git/DCEngine/Core/Engine/Engine.cpp</label>
        <link refid="Engine.cpp"/>
        <childnode refid="31" relation="include">
        </childnode>
        <childnode refid="37" relation="include">
        </childnode>
        <childnode refid="39" relation="include">
        </childnode>
        <childnode refid="40" relation="include">
        </childnode>
        <childnode refid="45" relation="include">
        </childnode>
        <childnode refid="46" relation="include">
        </childnode>
        <childnode refid="47" relation="include">
        </childnode>
        <childnode refid="48" relation="include">
        </childnode>
        <childnode refid="49" relation="include">
        </childnode>
        <childnode refid="50" relation="include">
        </childnode>
        <childnode refid="51" relation="include">
        </childnode>
      </node>
      <node id="49">
        <label>..\..\Libraries\Timer.h</label>
      </node>
      <node id="35">
        <label>vector</label>
      </node>
      <node id="41">
        <label>../Systems/Window/WindowGLFW.h</label>
        <link refid="_window_g_l_f_w_8h"/>
        <childnode refid="33" relation="include">
        </childnode>
        <childnode refid="42" relation="include">
        </childnode>
        <childnode refid="43" relation="include">
        </childnode>
      </node>
      <node id="52">
        <label>iostream</label>
      </node>
      <node id="40">
        <label>..\Systems\SystemsInclude.h</label>
        <link refid="_systems_include_8h_source"/>
        <childnode refid="41" relation="include">
        </childnode>
        <childnode refid="44" relation="include">
        </childnode>
      </node>
      <node id="38">
        <label>Component.h</label>
        <link refid="_component_8h"/>
        <childnode refid="32" relation="include">
        </childnode>
        <childnode refid="35" relation="include">
        </childnode>
      </node>
      <node id="50">
        <label>chrono</label>
      </node>
      <node id="48">
        <label>GL/gl.h</label>
      </node>
      <node id="32">
        <label>memory</label>
      </node>
      <node id="43">
        <label>..\..\..\Dependencies\include\GLFW\glfw3.h</label>
      </node>
    </incdepgraph>
    <innernamespace refid="namespace_d_c_engine">DCEngine</innernamespace>
    <briefdescription>
<para>The x. </para>    </briefdescription>
    <detaileddescription>
<para><simplesect kind="author"><para>Christian Sagel </para></simplesect>
<simplesect kind="par"><title>email: c.sagel@digipen.edu</title><para></para></simplesect>
<simplesect kind="date"><para>7/30/2015 Functions include:<itemizedlist>
<listitem><para>Name Description here. </para></listitem></itemizedlist>
</para></simplesect>
</para>    </detaileddescription>
    <programlisting>
<codeline lineno="1"><highlight class="comment">/******************************************************************************/</highlight></codeline>
<codeline lineno="14"><highlight class="comment">/******************************************************************************/</highlight><highlight class="normal"></highlight></codeline>
<codeline lineno="15"><highlight class="normal"></highlight><highlight class="preprocessor">#include<sp/>&quot;<ref refid="_engine_8h" kindref="compound">Engine.h</ref>&quot;</highlight><highlight class="normal"></highlight></codeline>
<codeline lineno="16"><highlight class="normal"></highlight></codeline>
<codeline lineno="17"><highlight class="normal"></highlight><highlight class="preprocessor">#include<sp/>&lt;cassert&gt;</highlight><highlight class="normal"><sp/></highlight><highlight class="comment">//<sp/>Assert</highlight><highlight class="normal"></highlight></codeline>
<codeline lineno="18"><highlight class="normal"></highlight></codeline>
<codeline lineno="19"><highlight class="normal"></highlight><highlight class="preprocessor">#include<sp/>&quot;<ref refid="_space_8h" kindref="compound">Space.h</ref>&quot;</highlight><highlight class="normal"></highlight></codeline>
<codeline lineno="20"><highlight class="normal"></highlight><highlight class="preprocessor">#include<sp/>&quot;..\Systems\SystemsInclude.h&quot;</highlight><highlight class="normal"></highlight></codeline>
<codeline lineno="21"><highlight class="normal"></highlight><highlight class="preprocessor">#include<sp/>&quot;..\..\Libraries\Timer.h&quot;</highlight><highlight class="normal"></highlight></codeline>
<codeline lineno="22"><highlight class="normal"></highlight><highlight class="preprocessor">#include<sp/>&quot;..\Debug\Debug.h&quot;</highlight><highlight class="normal"><sp/></highlight><highlight class="comment">//<sp/>PrintString</highlight><highlight class="normal"></highlight></codeline>
<codeline lineno="23"><highlight class="normal"></highlight></codeline>
<codeline lineno="24"><highlight class="normal"></highlight></codeline>
<codeline lineno="25"><highlight class="normal"></highlight></codeline>
<codeline lineno="26"><highlight class="normal"></highlight><highlight class="keyword">namespace<sp/></highlight><highlight class="normal"><ref refid="namespace_d_c_engine" kindref="compound">DCEngine</ref><sp/>{</highlight></codeline>
<codeline lineno="27"><highlight class="normal"></highlight></codeline>
<codeline lineno="28"><highlight class="normal"><sp/><sp/></highlight><highlight class="comment">//<sp/>A<sp/>pointer<sp/>to<sp/>the<sp/>&apos;ENGINE&apos;<sp/>object</highlight><highlight class="normal"></highlight></codeline>
<codeline lineno="29"><highlight class="normal"><sp/><sp/>std::unique_ptr&lt;Engine&gt;<sp/>ENGINE<sp/>=<sp/></highlight><highlight class="keyword">nullptr</highlight><highlight class="normal">;<sp/></highlight></codeline>
<codeline lineno="30"><highlight class="normal"></highlight></codeline>
<codeline lineno="31"><highlight class="normal"><sp/><sp/></highlight><highlight class="comment">/**************************************************************************/</highlight></codeline>
<codeline lineno="35"><highlight class="normal"><sp/><sp/></highlight><highlight class="comment">/**************************************************************************/</highlight><highlight class="normal"></highlight></codeline>
<codeline lineno="36"><highlight class="normal"><sp/><sp/><ref refid="class_d_c_engine_1_1_engine_1a4eb960f2e80ee5a40ed8132cffdb847b" kindref="member">Engine::Engine</ref>()<sp/>{</highlight></codeline>
<codeline lineno="37"><highlight class="normal"><sp/><sp/><sp/><sp/></highlight><highlight class="comment">//<sp/>Assert<sp/>makes<sp/>sure<sp/>there&apos;s<sp/>only<sp/>one<sp/>instance<sp/>of<sp/>the<sp/>engine<sp/></highlight><highlight class="normal"></highlight></codeline>
<codeline lineno="38"><highlight class="normal"><sp/><sp/><sp/><sp/>assert(ENGINE<sp/>==<sp/></highlight><highlight class="keyword">nullptr</highlight><highlight class="normal">);</highlight></codeline>
<codeline lineno="39"><highlight class="normal"><sp/><sp/><sp/><sp/>ENGINE.reset(</highlight><highlight class="keyword">this</highlight><highlight class="normal">);</highlight></codeline>
<codeline lineno="40"><highlight class="normal"><sp/><sp/>}</highlight></codeline>
<codeline lineno="41"><highlight class="normal"></highlight></codeline>
<codeline lineno="42"><highlight class="normal"><sp/><sp/></highlight><highlight class="comment">/**************************************************************************/</highlight></codeline>
<codeline lineno="46"><highlight class="normal"><sp/><sp/></highlight><highlight class="comment">/**************************************************************************/</highlight><highlight class="normal"></highlight></codeline>
<codeline lineno="47"><highlight class="normal"><sp/><sp/></highlight><highlight class="keywordtype">void</highlight><highlight class="normal"><sp/><ref refid="class_d_c_engine_1_1_engine_1a176d2c775e0e90976b537985cbc1b5da" kindref="member">Engine::Initialize</ref>()<sp/>{</highlight></codeline>
<codeline lineno="48"><highlight class="normal"><sp/><sp/><sp/><sp/>Debug::PrintString(</highlight><highlight class="stringliteral">&quot;Engine::Initialize&quot;</highlight><highlight class="normal">);</highlight></codeline>
<codeline lineno="49"><highlight class="normal"><sp/><sp/><sp/><sp/></highlight></codeline>
<codeline lineno="50"><highlight class="normal"><sp/><sp/><sp/><sp/></highlight><highlight class="comment">//<sp/>Autowolves,<sp/>howl<sp/>out!</highlight><highlight class="normal"></highlight></codeline>
<codeline lineno="51"><highlight class="normal"><sp/><sp/><sp/><sp/>_active<sp/>=<sp/></highlight><highlight class="keyword">true</highlight><highlight class="normal">;</highlight></codeline>
<codeline lineno="52"><highlight class="normal"></highlight></codeline>
<codeline lineno="53"><highlight class="normal"><sp/><sp/><sp/><sp/></highlight><highlight class="comment">//<sp/>Systems<sp/>are<sp/>added<sp/>to<sp/>to<sp/>the<sp/>engine&apos;s<sp/>systems<sp/>vector</highlight><highlight class="normal"></highlight></codeline>
<codeline lineno="54"><highlight class="normal"><sp/><sp/><sp/><sp/>_systems.push_back(SystemPtr(</highlight><highlight class="keyword">new</highlight><highlight class="normal"><sp/>Systems::WindowGLFW));</highlight></codeline>
<codeline lineno="55"><highlight class="normal"><sp/><sp/><sp/><sp/>_systems.push_back(SystemPtr(</highlight><highlight class="keyword">new</highlight><highlight class="normal"><sp/>Systems::GraphicsGL));</highlight></codeline>
<codeline lineno="56"><highlight class="normal"></highlight></codeline>
<codeline lineno="57"><highlight class="normal"><sp/><sp/><sp/><sp/></highlight><highlight class="comment">//<sp/>Creates<sp/>the<sp/>default<sp/>local<sp/>space</highlight><highlight class="normal"></highlight></codeline>
<codeline lineno="58"><highlight class="normal"><sp/><sp/><sp/><sp/></highlight><highlight class="comment">//SpacePtr<sp/>space<sp/>=<sp/>CreateSpace(&quot;Daisy<sp/>World&quot;);</highlight><highlight class="normal"></highlight></codeline>
<codeline lineno="59"><highlight class="normal"></highlight></codeline>
<codeline lineno="60"><highlight class="normal"><sp/><sp/><sp/><sp/></highlight><highlight class="comment">//<sp/>Sets<sp/>the<sp/>space<sp/>as<sp/>the<sp/>active<sp/>space</highlight><highlight class="normal"></highlight></codeline>
<codeline lineno="61"><highlight class="normal"></highlight></codeline>
<codeline lineno="62"><highlight class="normal"></highlight></codeline>
<codeline lineno="63"><highlight class="normal"><sp/><sp/><sp/><sp/></highlight><highlight class="comment">//<sp/>Specify<sp/>which<sp/>systems<sp/>should<sp/>be<sp/>updated</highlight><highlight class="normal"></highlight></codeline>
<codeline lineno="64"><highlight class="normal"></highlight></codeline>
<codeline lineno="65"><highlight class="normal"><sp/><sp/><sp/><sp/></highlight><highlight class="comment">//<sp/>Initialize<sp/>all<sp/>systems</highlight><highlight class="normal"></highlight></codeline>
<codeline lineno="66"><highlight class="normal"><sp/><sp/><sp/><sp/></highlight><highlight class="keywordflow">for</highlight><highlight class="normal"><sp/>(</highlight><highlight class="keyword">auto</highlight><highlight class="normal"><sp/>sys<sp/>:<sp/>_systems)<sp/>{</highlight></codeline>
<codeline lineno="67"><highlight class="normal"><sp/><sp/><sp/><sp/><sp/><sp/>sys-&gt;Initialize();</highlight></codeline>
<codeline lineno="68"><highlight class="normal"><sp/><sp/><sp/><sp/>}</highlight></codeline>
<codeline lineno="69"><highlight class="normal"></highlight></codeline>
<codeline lineno="70"><highlight class="normal"><sp/><sp/>}</highlight></codeline>
<codeline lineno="71"><highlight class="normal"></highlight></codeline>
<codeline lineno="72"><highlight class="normal"><sp/><sp/></highlight><highlight class="comment">/**************************************************************************/</highlight></codeline>
<codeline lineno="77"><highlight class="normal"><sp/><sp/></highlight><highlight class="comment">/**************************************************************************/</highlight><highlight class="normal"></highlight></codeline>
<codeline lineno="78"><highlight class="normal"><sp/><sp/></highlight><highlight class="keywordtype">void</highlight><highlight class="normal"><sp/><ref refid="class_d_c_engine_1_1_engine_1aad7f9a3c77d28ba49922ec1d67b4a19a" kindref="member">Engine::Terminate</ref>()<sp/>{</highlight></codeline>
<codeline lineno="79"><highlight class="normal"><sp/><sp/><sp/><sp/>Debug::PrintString(</highlight><highlight class="stringliteral">&quot;Engine::Terminate&quot;</highlight><highlight class="normal">);</highlight></codeline>
<codeline lineno="80"><highlight class="normal"></highlight></codeline>
<codeline lineno="81"><highlight class="normal"><sp/><sp/><sp/><sp/></highlight><highlight class="keywordflow">for</highlight><highlight class="normal"><sp/>(</highlight><highlight class="keyword">auto</highlight><highlight class="normal"><sp/>sys<sp/>:<sp/>_systems)</highlight></codeline>
<codeline lineno="82"><highlight class="normal"><sp/><sp/><sp/><sp/><sp/><sp/>sys-&gt;Terminate();</highlight></codeline>
<codeline lineno="83"><highlight class="normal"></highlight></codeline>
<codeline lineno="84"><highlight class="normal"><sp/><sp/><sp/><sp/>_systems.clear();</highlight></codeline>
<codeline lineno="85"><highlight class="normal"></highlight></codeline>
<codeline lineno="86"><highlight class="normal"><sp/><sp/><sp/><sp/>ENGINE.reset();</highlight></codeline>
<codeline lineno="87"><highlight class="normal"><sp/><sp/>}</highlight></codeline>
<codeline lineno="88"><highlight class="normal"></highlight></codeline>
<codeline lineno="89"><highlight class="normal"><sp/><sp/></highlight><highlight class="comment">/**************************************************************************/</highlight></codeline>
<codeline lineno="93"><highlight class="normal"><sp/><sp/></highlight><highlight class="comment">/**************************************************************************/</highlight><highlight class="normal"></highlight></codeline>
<codeline lineno="94"><highlight class="normal"><sp/><sp/></highlight><highlight class="keywordtype">void</highlight><highlight class="normal"><sp/><ref refid="class_d_c_engine_1_1_engine_1afbb78ff689375002846db38407a3a541" kindref="member">Engine::Update</ref>(</highlight><highlight class="keywordtype">float</highlight><highlight class="normal"><sp/>dt)<sp/>{</highlight></codeline>
<codeline lineno="95"><highlight class="normal"><sp/><sp/><sp/><sp/>Debug::PrintString(</highlight><highlight class="stringliteral">&quot;Engine::Update&quot;</highlight><highlight class="normal">);</highlight></codeline>
<codeline lineno="96"><highlight class="normal"><sp/><sp/><sp/><sp/></highlight><highlight class="keyword">using</highlight><highlight class="normal"><sp/>Systems::WindowGLFW;</highlight></codeline>
<codeline lineno="97"><highlight class="normal"><sp/><sp/><sp/><sp/></highlight></codeline>
<codeline lineno="98"><highlight class="normal"><sp/><sp/><sp/><sp/></highlight><highlight class="comment">//<sp/>Update<sp/>the<sp/>window<sp/>management<sp/>system<sp/>(window,<sp/>input)</highlight><highlight class="normal"></highlight></codeline>
<codeline lineno="99"><highlight class="normal"><sp/><sp/><sp/><sp/>GETSYSTEM(WindowGLFW)-&gt;Update(dt);</highlight></codeline>
<codeline lineno="100"><highlight class="normal"></highlight></codeline>
<codeline lineno="101"><highlight class="normal"><sp/><sp/><sp/><sp/></highlight><highlight class="comment">//<sp/>Tell<sp/>window<sp/>management<sp/>system<sp/>to<sp/>begin<sp/>new<sp/>frame</highlight><highlight class="normal"></highlight></codeline>
<codeline lineno="102"><highlight class="normal"><sp/><sp/><sp/><sp/>GETSYSTEM(WindowGLFW)-&gt;StartFrame();</highlight></codeline>
<codeline lineno="103"><highlight class="normal"><sp/><sp/><sp/><sp/></highlight></codeline>
<codeline lineno="104"><highlight class="normal"><sp/><sp/><sp/><sp/></highlight><highlight class="comment">//<sp/>Tell<sp/>window<sp/>management<sp/>system<sp/>to<sp/>end<sp/>the<sp/>frame</highlight><highlight class="normal"></highlight></codeline>
<codeline lineno="105"><highlight class="normal"><sp/><sp/><sp/><sp/>GETSYSTEM(WindowGLFW)-&gt;EndFrame();</highlight></codeline>
<codeline lineno="106"><highlight class="normal"></highlight></codeline>
<codeline lineno="107"><highlight class="normal"><sp/><sp/><sp/><sp/></highlight><highlight class="comment">//<sp/>Debug<sp/></highlight><highlight class="normal"></highlight></codeline>
<codeline lineno="108"><highlight class="normal"><sp/><sp/><sp/><sp/></highlight><highlight class="comment">//_runtime<sp/>+=<sp/>1;</highlight><highlight class="normal"></highlight></codeline>
<codeline lineno="109"><highlight class="normal"><sp/><sp/><sp/><sp/></highlight><highlight class="comment">//std::cout<sp/>&lt;&lt;<sp/>&quot;Runtime:<sp/>&quot;<sp/>&lt;&lt;<sp/>_runtime<sp/>&lt;&lt;<sp/>std::endl;</highlight><highlight class="normal"></highlight></codeline>
<codeline lineno="110"><highlight class="normal"><sp/><sp/>}</highlight></codeline>
<codeline lineno="111"><highlight class="normal"><sp/><sp/></highlight></codeline>
<codeline lineno="112"><highlight class="normal"><sp/><sp/></highlight><highlight class="comment">/**************************************************************************/</highlight></codeline>
<codeline lineno="116"><highlight class="normal"><sp/><sp/></highlight><highlight class="comment">/**************************************************************************/</highlight><highlight class="normal"></highlight></codeline>
<codeline lineno="117"><highlight class="normal"><sp/><sp/></highlight><highlight class="keywordtype">void</highlight><highlight class="normal"><sp/><ref refid="class_d_c_engine_1_1_engine_1a2047d0ca31bb95233b1359cd91689fa9" kindref="member">Engine::Loop</ref>()<sp/>{</highlight></codeline>
<codeline lineno="118"><highlight class="normal"><sp/><sp/><sp/><sp/>dt<sp/>=<sp/>1.0f<sp/>/<sp/>_framerate;</highlight></codeline>
<codeline lineno="119"><highlight class="normal"></highlight></codeline>
<codeline lineno="120"><highlight class="normal"><sp/><sp/><sp/><sp/></highlight><highlight class="keywordflow">while</highlight><highlight class="normal"><sp/>(_active)<sp/>{</highlight></codeline>
<codeline lineno="121"><highlight class="normal"><sp/><sp/><sp/><sp/><sp/><sp/>ScopeTimer<sp/>frameTimer(&amp;dt);</highlight></codeline>
<codeline lineno="122"><highlight class="normal"><sp/><sp/><sp/><sp/><sp/><sp/><ref refid="class_d_c_engine_1_1_engine_1afbb78ff689375002846db38407a3a541" kindref="member">Update</ref>(dt);</highlight></codeline>
<codeline lineno="123"><highlight class="normal"><sp/><sp/><sp/><sp/>}</highlight></codeline>
<codeline lineno="124"><highlight class="normal"></highlight></codeline>
<codeline lineno="125"><highlight class="normal"><sp/><sp/>}</highlight></codeline>
<codeline lineno="126"><highlight class="normal"></highlight></codeline>
<codeline lineno="127"><highlight class="normal"></highlight></codeline>
<codeline lineno="128"><highlight class="normal"></highlight></codeline>
<codeline lineno="129"><highlight class="normal"></highlight></codeline>
<codeline lineno="130"><highlight class="normal"></highlight></codeline>
<codeline lineno="131"><highlight class="normal">}</highlight></codeline>
    </programlisting>
    <location file="D:/Google Drive/Digipen Institute of Technology/GAM 200/GAM200.git/DCEngine/Core/Engine/Engine.cpp"/>
  </compounddef>
</doxygen>
