<?xml version='1.0' encoding='UTF-8' standalone='no'?>
<doxygen xmlns:xsi="http://www.w3.org/2001/XMLSchema-instance" xsi:noNamespaceSchemaLocation="compound.xsd" version="1.8.10">
  <compounddef id="_entity_8h" kind="file" language="C++">
    <compoundname>Entity.h</compoundname>
    <includes local="no">cassert</includes>
    <includes local="no">memory</includes>
    <includes local="no">vector</includes>
    <includes local="no">string</includes>
    <includes refid="_component_8h" local="yes">Component.h</includes>
    <includedby refid="_system_8h" local="yes">D:/Google Drive/Digipen Institute of Technology/GAM 200/GAM200.git/DCEngine/Core/Systems/System.h</includedby>
    <includedby refid="_space_8h" local="yes">D:/Google Drive/Digipen Institute of Technology/GAM 200/GAM200.git/DCEngine/Core/Engine/Space.h</includedby>
    <includedby refid="_entity_8cpp" local="yes">D:/Google Drive/Digipen Institute of Technology/GAM 200/GAM200.git/DCEngine/Core/Engine/Entity.cpp</includedby>
    <incdepgraph>
      <node id="75">
        <label>cassert</label>
      </node>
      <node id="78">
        <label>string</label>
      </node>
      <node id="74">
        <label>D:/Google Drive/Digipen Institute of Technology/GAM 200/GAM200.git/DCEngine/Core/Engine/Entity.h</label>
        <link refid="Entity.h"/>
        <childnode refid="75" relation="include">
        </childnode>
        <childnode refid="76" relation="include">
        </childnode>
        <childnode refid="77" relation="include">
        </childnode>
        <childnode refid="78" relation="include">
        </childnode>
        <childnode refid="79" relation="include">
        </childnode>
      </node>
      <node id="77">
        <label>vector</label>
      </node>
      <node id="79">
        <label>Component.h</label>
        <link refid="_component_8h"/>
        <childnode refid="76" relation="include">
        </childnode>
        <childnode refid="77" relation="include">
        </childnode>
      </node>
      <node id="76">
        <label>memory</label>
      </node>
    </incdepgraph>
    <invincdepgraph>
      <node id="85">
        <label>D:/Google Drive/Digipen Institute of Technology/GAM 200/GAM200.git/DCEngine/Core/Systems/Window/WindowGLFW.cpp</label>
        <link refid="_window_g_l_f_w_8cpp"/>
      </node>
      <node id="81">
        <label>D:/Google Drive/Digipen Institute of Technology/GAM 200/GAM200.git/DCEngine/Core/Systems/System.h</label>
        <link refid="_system_8h"/>
        <childnode refid="82" relation="include">
        </childnode>
        <childnode refid="86" relation="include">
        </childnode>
        <childnode refid="87" relation="include">
        </childnode>
        <childnode refid="89" relation="include">
        </childnode>
        <childnode refid="91" relation="include">
        </childnode>
      </node>
      <node id="84">
        <label>D:/Google Drive/Digipen Institute of Technology/GAM 200/GAM200.git/DCEngine/Core/Main.cpp</label>
        <link refid="_main_8cpp"/>
      </node>
      <node id="86">
        <label>D:/Google Drive/Digipen Institute of Technology/GAM 200/GAM200.git/DCEngine/Core/Engine/Space.h</label>
        <link refid="_space_8h"/>
        <childnode refid="83" relation="include">
        </childnode>
      </node>
      <node id="91">
        <label>D:/Google Drive/Digipen Institute of Technology/GAM 200/GAM200.git/DCEngine/Core/Systems/System.cpp</label>
        <link refid="_system_8cpp"/>
      </node>
      <node id="89">
        <label>D:/Google Drive/Digipen Institute of Technology/GAM 200/GAM200.git/DCEngine/Core/Systems/Graphics/GraphicsGL.h</label>
        <link refid="_graphics_g_l_8h_source"/>
        <childnode refid="88" relation="include">
        </childnode>
        <childnode refid="90" relation="include">
        </childnode>
      </node>
      <node id="80">
        <label>D:/Google Drive/Digipen Institute of Technology/GAM 200/GAM200.git/DCEngine/Core/Engine/Entity.h</label>
        <link refid="Entity.h"/>
        <childnode refid="81" relation="include">
        </childnode>
        <childnode refid="86" relation="include">
        </childnode>
        <childnode refid="92" relation="include">
        </childnode>
      </node>
      <node id="82">
        <label>D:/Google Drive/Digipen Institute of Technology/GAM 200/GAM200.git/DCEngine/Core/Engine/Engine.h</label>
        <link refid="_engine_8h"/>
        <childnode refid="83" relation="include">
        </childnode>
        <childnode refid="84" relation="include">
        </childnode>
        <childnode refid="85" relation="include">
        </childnode>
      </node>
      <node id="83">
        <label>D:/Google Drive/Digipen Institute of Technology/GAM 200/GAM200.git/DCEngine/Core/Engine/Engine.cpp</label>
        <link refid="_engine_8cpp"/>
      </node>
      <node id="90">
        <label>D:/Google Drive/Digipen Institute of Technology/GAM 200/GAM200.git/DCEngine/Core/Systems/Graphics/GraphicsGL.cpp</label>
        <link refid="_graphics_g_l_8cpp"/>
      </node>
      <node id="87">
        <label>D:/Google Drive/Digipen Institute of Technology/GAM 200/GAM200.git/DCEngine/Core/Systems/Window/WindowGLFW.h</label>
        <link refid="_window_g_l_f_w_8h"/>
        <childnode refid="88" relation="include">
        </childnode>
        <childnode refid="85" relation="include">
        </childnode>
      </node>
      <node id="88">
        <label>D:/Google Drive/Digipen Institute of Technology/GAM 200/GAM200.git/DCEngine/Core/Systems/SystemsInclude.h</label>
        <link refid="_systems_include_8h_source"/>
        <childnode refid="83" relation="include">
        </childnode>
      </node>
      <node id="92">
        <label>D:/Google Drive/Digipen Institute of Technology/GAM 200/GAM200.git/DCEngine/Core/Engine/Entity.cpp</label>
        <link refid="_entity_8cpp"/>
      </node>
    </invincdepgraph>
    <innerclass refid="class_d_c_engine_1_1_entity" prot="public">DCEngine::Entity</innerclass>
    <innernamespace refid="namespace_d_c_engine">DCEngine</innernamespace>
      <sectiondef kind="define">
      <memberdef kind="define" id="_entity_8h_1a33a292664c49d6754e3c08ca7806fdef" prot="public" static="no">
        <name>GET_COMPONENT</name>
        <param><defname>type</defname></param>
        <initializer>\ GetComponent&lt;type&gt;(EnumeratedSystem::##type);</initializer>
        <briefdescription>
        </briefdescription>
        <detaileddescription>
        </detaileddescription>
        <inbodydescription>
        </inbodydescription>
        <location file="D:/Google Drive/Digipen Institute of Technology/GAM 200/GAM200.git/DCEngine/Core/Engine/Entity.h" line="25" column="13" bodyfile="D:/Google Drive/Digipen Institute of Technology/GAM 200/GAM200.git/DCEngine/Core/Engine/Entity.h" bodystart="25" bodyend="-1"/>
      </memberdef>
      </sectiondef>
    <briefdescription>
    </briefdescription>
    <detaileddescription>
    </detaileddescription>
    <programlisting>
<codeline lineno="1"><highlight class="preprocessor">#pragma<sp/>once</highlight><highlight class="normal"></highlight></codeline>
<codeline lineno="2"><highlight class="normal"></highlight></codeline>
<codeline lineno="3"><highlight class="normal"></highlight><highlight class="preprocessor">#include<sp/>&lt;cassert&gt;</highlight><highlight class="normal"></highlight></codeline>
<codeline lineno="4"><highlight class="normal"></highlight><highlight class="preprocessor">#include<sp/>&lt;memory&gt;</highlight><highlight class="normal"></highlight></codeline>
<codeline lineno="5"><highlight class="normal"></highlight><highlight class="preprocessor">#include<sp/>&lt;vector&gt;</highlight><highlight class="normal"></highlight></codeline>
<codeline lineno="6"><highlight class="normal"></highlight><highlight class="preprocessor">#include<sp/>&lt;string&gt;</highlight><highlight class="normal"></highlight></codeline>
<codeline lineno="7"><highlight class="normal"></highlight></codeline>
<codeline lineno="8"><highlight class="normal"></highlight><highlight class="preprocessor">#include<sp/>&quot;<ref refid="_component_8h" kindref="compound">Component.h</ref>&quot;</highlight><highlight class="normal"></highlight></codeline>
<codeline lineno="9"><highlight class="normal"></highlight></codeline>
<codeline lineno="10"><highlight class="normal"></highlight><highlight class="keyword">namespace<sp/></highlight><highlight class="normal"><ref refid="namespace_d_c_engine" kindref="compound">DCEngine</ref><sp/>{</highlight></codeline>
<codeline lineno="11"><highlight class="normal"></highlight></codeline>
<codeline lineno="12" refid="class_d_c_engine_1_1_entity" refkind="compound"><highlight class="normal"><sp/><sp/></highlight><highlight class="keyword">class<sp/></highlight><highlight class="normal"><ref refid="class_d_c_engine_1_1_entity" kindref="compound">Entity</ref><sp/>{</highlight></codeline>
<codeline lineno="13"><highlight class="normal"></highlight></codeline>
<codeline lineno="14"><highlight class="normal"><sp/><sp/></highlight><highlight class="keyword">public</highlight><highlight class="normal">:</highlight></codeline>
<codeline lineno="15"><highlight class="normal"><sp/><sp/><sp/><sp/></highlight><highlight class="keywordtype">void</highlight><highlight class="normal"><sp/>AddComponent(std::shared_ptr&lt;Component&gt;<sp/>component);</highlight></codeline>
<codeline lineno="16"><highlight class="normal"><sp/><sp/><sp/><sp/></highlight><highlight class="keywordtype">void</highlight><highlight class="normal"><sp/>RemoveComponent(EnumeratedComponent<sp/>ec);</highlight></codeline>
<codeline lineno="17"><highlight class="normal"><sp/><sp/><sp/><sp/></highlight><highlight class="keywordtype">bool</highlight><highlight class="normal"><sp/>HasComponent(EnumeratedComponent<sp/>ec);</highlight></codeline>
<codeline lineno="18"><highlight class="normal"></highlight></codeline>
<codeline lineno="19"><highlight class="normal"><sp/><sp/><sp/><sp/>mask<sp/>Mask();</highlight></codeline>
<codeline lineno="20"><highlight class="normal"><sp/><sp/><sp/><sp/></highlight><highlight class="keywordtype">bool</highlight><highlight class="normal"><sp/><ref refid="class_d_c_engine_1_1_entity_1a15f844f0a3bfb278affd89400dc6f1f7" kindref="member">CheckMask</ref>(mask<sp/>m);</highlight></codeline>
<codeline lineno="21"><highlight class="normal"></highlight></codeline>
<codeline lineno="22"><highlight class="normal"><sp/><sp/><sp/><sp/>EnumeratedComponent<sp/>GetCollider();</highlight></codeline>
<codeline lineno="23"><highlight class="normal"></highlight></codeline>
<codeline lineno="24"><highlight class="normal"><sp/><sp/><sp/><sp/></highlight><highlight class="comment">//<sp/>Allows<sp/>access<sp/>to<sp/>attached<sp/>components<sp/>of<sp/>the<sp/>entity.</highlight><highlight class="normal"></highlight></codeline>
<codeline lineno="25"><highlight class="normal"></highlight><highlight class="preprocessor"><sp/><sp/><sp/><sp/>#define<sp/>GET_COMPONENT(type)<sp/>\<sp/>GetComponent&lt;type&gt;(EnumeratedSystem::##type);</highlight><highlight class="normal"></highlight></codeline>
<codeline lineno="26"><highlight class="normal"><sp/><sp/><sp/><sp/></highlight><highlight class="keyword">template</highlight><highlight class="normal"><sp/>&lt;</highlight><highlight class="keyword">typename</highlight><highlight class="normal"><sp/>T&gt;<sp/>std::shared_ptr&lt;T&gt;<sp/>GetComponent(EnumeratedComponent<sp/>ec);</highlight></codeline>
<codeline lineno="27"><highlight class="normal"></highlight></codeline>
<codeline lineno="28"><highlight class="normal"><sp/><sp/></highlight><highlight class="keyword">private</highlight><highlight class="normal">:</highlight></codeline>
<codeline lineno="29"><highlight class="normal"><sp/><sp/><sp/><sp/>std::string<sp/>_name;</highlight></codeline>
<codeline lineno="30"><highlight class="normal"><sp/><sp/><sp/><sp/>mask<sp/>_mask<sp/>=<sp/></highlight><highlight class="keyword">static_cast&lt;</highlight><highlight class="keywordtype">int</highlight><highlight class="keyword">&gt;</highlight><highlight class="normal">(BitfieldComponent::Alive);</highlight></codeline>
<codeline lineno="31"><highlight class="normal"><sp/><sp/><sp/><sp/>EnumeratedComponent<sp/>_collider<sp/>=<sp/>EnumeratedComponent::None;</highlight></codeline>
<codeline lineno="32"><highlight class="normal"><sp/><sp/><sp/><sp/>ComponentPtr<sp/>_components[</highlight><highlight class="keyword">static_cast&lt;</highlight><highlight class="keywordtype">int</highlight><highlight class="keyword">&gt;</highlight><highlight class="normal">(EnumeratedComponent::Capacity)];</highlight></codeline>
<codeline lineno="33"><highlight class="normal"></highlight></codeline>
<codeline lineno="34"><highlight class="normal"><sp/><sp/><sp/><sp/></highlight></codeline>
<codeline lineno="35"><highlight class="normal"></highlight></codeline>
<codeline lineno="36"><highlight class="normal"><sp/><sp/>};</highlight></codeline>
<codeline lineno="37"><highlight class="normal"></highlight></codeline>
<codeline lineno="38"><highlight class="normal"><sp/><sp/></highlight><highlight class="keyword">using</highlight><highlight class="normal"><sp/>EntityPtr<sp/>=<sp/>std::shared_ptr&lt;Entity&gt;;</highlight></codeline>
<codeline lineno="39"><highlight class="normal"><sp/><sp/></highlight><highlight class="keyword">using</highlight><highlight class="normal"><sp/>EntityVec<sp/>=<sp/>std::vector&lt;EntityPtr&gt;;</highlight></codeline>
<codeline lineno="40"><highlight class="normal"></highlight></codeline>
<codeline lineno="41"><highlight class="normal">}<sp/></highlight><highlight class="comment">//<sp/>DCEngine</highlight></codeline>
    </programlisting>
    <location file="D:/Google Drive/Digipen Institute of Technology/GAM 200/GAM200.git/DCEngine/Core/Engine/Entity.h"/>
  </compounddef>
</doxygen>
