<?xml version='1.0' encoding='UTF-8' standalone='no'?>
<doxygen xmlns:xsi="http://www.w3.org/2001/XMLSchema-instance" xsi:noNamespaceSchemaLocation="compound.xsd" version="1.8.10">
  <compounddef id="_system_8h" kind="file" language="C++">
    <compoundname>System.h</compoundname>
    <includes local="no">string</includes>
    <includes local="no">memory</includes>
    <includes local="no">vector</includes>
    <includes refid="_entity_8h" local="yes">..\Engine\Entity.h</includes>
    <includedby refid="_engine_8h" local="yes">D:/Google Drive/Digipen Institute of Technology/GAM 200/GAM200.git/DCEngine/Core/Engine/Engine.h</includedby>
    <includedby refid="_space_8h" local="yes">D:/Google Drive/Digipen Institute of Technology/GAM 200/GAM200.git/DCEngine/Core/Engine/Space.h</includedby>
    <includedby refid="_window_g_l_f_w_8h" local="yes">D:/Google Drive/Digipen Institute of Technology/GAM 200/GAM200.git/DCEngine/Core/Systems/Window/WindowGLFW.h</includedby>
    <includedby refid="_graphics_g_l_8h" local="yes">D:/Google Drive/Digipen Institute of Technology/GAM 200/GAM200.git/DCEngine/Core/Systems/Graphics/GraphicsGL.h</includedby>
    <includedby refid="_system_8cpp" local="yes">D:/Google Drive/Digipen Institute of Technology/GAM 200/GAM200.git/DCEngine/Core/Systems/System.cpp</includedby>
    <incdepgraph>
      <node id="161">
        <label>D:/Google Drive/Digipen Institute of Technology/GAM 200/GAM200.git/DCEngine/Core/Systems/System.h</label>
        <link refid="System.h"/>
        <childnode refid="162" relation="include">
        </childnode>
        <childnode refid="163" relation="include">
        </childnode>
        <childnode refid="164" relation="include">
        </childnode>
        <childnode refid="165" relation="include">
        </childnode>
      </node>
      <node id="166">
        <label>cassert</label>
      </node>
      <node id="162">
        <label>string</label>
      </node>
      <node id="165">
        <label>..\Engine\Entity.h</label>
        <link refid="_entity_8h_source"/>
        <childnode refid="166" relation="include">
        </childnode>
        <childnode refid="163" relation="include">
        </childnode>
        <childnode refid="164" relation="include">
        </childnode>
        <childnode refid="162" relation="include">
        </childnode>
        <childnode refid="167" relation="include">
        </childnode>
      </node>
      <node id="164">
        <label>vector</label>
      </node>
      <node id="167">
        <label>Component.h</label>
        <link refid="_component_8h"/>
        <childnode refid="163" relation="include">
        </childnode>
        <childnode refid="164" relation="include">
        </childnode>
      </node>
      <node id="163">
        <label>memory</label>
      </node>
    </incdepgraph>
    <invincdepgraph>
      <node id="172">
        <label>D:/Google Drive/Digipen Institute of Technology/GAM 200/GAM200.git/DCEngine/Core/Systems/Window/WindowGLFW.cpp</label>
        <link refid="_window_g_l_f_w_8cpp"/>
      </node>
      <node id="168">
        <label>D:/Google Drive/Digipen Institute of Technology/GAM 200/GAM200.git/DCEngine/Core/Systems/System.h</label>
        <link refid="System.h"/>
        <childnode refid="169" relation="include">
        </childnode>
        <childnode refid="173" relation="include">
        </childnode>
        <childnode refid="174" relation="include">
        </childnode>
        <childnode refid="176" relation="include">
        </childnode>
        <childnode refid="178" relation="include">
        </childnode>
      </node>
      <node id="171">
        <label>D:/Google Drive/Digipen Institute of Technology/GAM 200/GAM200.git/DCEngine/Core/Main.cpp</label>
        <link refid="_main_8cpp"/>
      </node>
      <node id="173">
        <label>D:/Google Drive/Digipen Institute of Technology/GAM 200/GAM200.git/DCEngine/Core/Engine/Space.h</label>
        <link refid="_space_8h"/>
        <childnode refid="170" relation="include">
        </childnode>
      </node>
      <node id="178">
        <label>D:/Google Drive/Digipen Institute of Technology/GAM 200/GAM200.git/DCEngine/Core/Systems/System.cpp</label>
        <link refid="_system_8cpp"/>
      </node>
      <node id="176">
        <label>D:/Google Drive/Digipen Institute of Technology/GAM 200/GAM200.git/DCEngine/Core/Systems/Graphics/GraphicsGL.h</label>
        <link refid="_graphics_g_l_8h_source"/>
        <childnode refid="175" relation="include">
        </childnode>
        <childnode refid="177" relation="include">
        </childnode>
      </node>
      <node id="169">
        <label>D:/Google Drive/Digipen Institute of Technology/GAM 200/GAM200.git/DCEngine/Core/Engine/Engine.h</label>
        <link refid="_engine_8h"/>
        <childnode refid="170" relation="include">
        </childnode>
        <childnode refid="171" relation="include">
        </childnode>
        <childnode refid="172" relation="include">
        </childnode>
      </node>
      <node id="170">
        <label>D:/Google Drive/Digipen Institute of Technology/GAM 200/GAM200.git/DCEngine/Core/Engine/Engine.cpp</label>
        <link refid="_engine_8cpp"/>
      </node>
      <node id="177">
        <label>D:/Google Drive/Digipen Institute of Technology/GAM 200/GAM200.git/DCEngine/Core/Systems/Graphics/GraphicsGL.cpp</label>
        <link refid="_graphics_g_l_8cpp"/>
      </node>
      <node id="174">
        <label>D:/Google Drive/Digipen Institute of Technology/GAM 200/GAM200.git/DCEngine/Core/Systems/Window/WindowGLFW.h</label>
        <link refid="_window_g_l_f_w_8h"/>
        <childnode refid="175" relation="include">
        </childnode>
        <childnode refid="172" relation="include">
        </childnode>
      </node>
      <node id="175">
        <label>D:/Google Drive/Digipen Institute of Technology/GAM 200/GAM200.git/DCEngine/Core/Systems/SystemsInclude.h</label>
        <link refid="_systems_include_8h_source"/>
        <childnode refid="170" relation="include">
        </childnode>
      </node>
    </invincdepgraph>
    <innerclass refid="class_d_c_engine_1_1_system" prot="public">DCEngine::System</innerclass>
    <innernamespace refid="namespace_d_c_engine">DCEngine</innernamespace>
    <briefdescription>
<para>The base System class. </para>    </briefdescription>
    <detaileddescription>
<para><simplesect kind="author"><para>Christian Sagel </para></simplesect>
<simplesect kind="par"><title>email: c.sagel@digipen.edu</title><para></para></simplesect>
<simplesect kind="date"><para>7/30/2015 </para></simplesect>
</para>    </detaileddescription>
    <programlisting>
<codeline lineno="1"><highlight class="comment">/******************************************************************************/</highlight></codeline>
<codeline lineno="10"><highlight class="comment">/******************************************************************************/</highlight><highlight class="normal"></highlight></codeline>
<codeline lineno="11"><highlight class="normal"></highlight><highlight class="preprocessor">#pragma<sp/>once</highlight><highlight class="normal"></highlight></codeline>
<codeline lineno="12"><highlight class="normal"></highlight></codeline>
<codeline lineno="13"><highlight class="normal"></highlight><highlight class="preprocessor">#include<sp/>&lt;string&gt;</highlight><highlight class="normal"></highlight></codeline>
<codeline lineno="14"><highlight class="normal"></highlight><highlight class="preprocessor">#include<sp/>&lt;memory&gt;</highlight><highlight class="normal"></highlight></codeline>
<codeline lineno="15"><highlight class="normal"></highlight><highlight class="preprocessor">#include<sp/>&lt;vector&gt;</highlight><highlight class="normal"></highlight></codeline>
<codeline lineno="16"><highlight class="normal"></highlight></codeline>
<codeline lineno="17"><highlight class="normal"></highlight><highlight class="preprocessor">#include<sp/>&quot;..\Engine\Entity.h&quot;</highlight><highlight class="normal"></highlight></codeline>
<codeline lineno="18"><highlight class="normal"></highlight></codeline>
<codeline lineno="19"><highlight class="normal"></highlight></codeline>
<codeline lineno="20"><highlight class="normal"></highlight><highlight class="keyword">namespace<sp/></highlight><highlight class="normal"><ref refid="namespace_d_c_engine" kindref="compound">DCEngine</ref><sp/>{</highlight></codeline>
<codeline lineno="21"><highlight class="normal"></highlight></codeline>
<codeline lineno="22"><highlight class="normal"><sp/><sp/></highlight><highlight class="keyword">enum<sp/>class</highlight><highlight class="normal"><sp/>EnumeratedSystem<sp/>{</highlight></codeline>
<codeline lineno="23"><highlight class="normal"><sp/><sp/><sp/><sp/></highlight><highlight class="comment">//<sp/>Window<sp/>Handler</highlight><highlight class="normal"></highlight></codeline>
<codeline lineno="24"><highlight class="normal"><sp/><sp/><sp/><sp/>WindowGLFW,</highlight></codeline>
<codeline lineno="25"><highlight class="normal"></highlight></codeline>
<codeline lineno="26"><highlight class="normal"><sp/><sp/><sp/><sp/></highlight><highlight class="comment">//<sp/>Graphics</highlight><highlight class="normal"></highlight></codeline>
<codeline lineno="27"><highlight class="normal"><sp/><sp/><sp/><sp/>GraphicsGL</highlight></codeline>
<codeline lineno="28"><highlight class="normal"><sp/><sp/>};</highlight></codeline>
<codeline lineno="29"><highlight class="normal"></highlight></codeline>
<codeline lineno="30"><highlight class="normal"><sp/><sp/></highlight><highlight class="comment">//<sp/>Alias<sp/>for<sp/>the<sp/>enum</highlight><highlight class="normal"></highlight></codeline>
<codeline lineno="31"><highlight class="normal"><sp/><sp/></highlight><highlight class="keyword">using</highlight><highlight class="normal"><sp/>ESys<sp/>=<sp/>EnumeratedSystem;</highlight></codeline>
<codeline lineno="32"><highlight class="normal"></highlight></codeline>
<codeline lineno="33" refid="class_d_c_engine_1_1_system" refkind="compound"><highlight class="normal"><sp/><sp/></highlight><highlight class="keyword">class<sp/></highlight><highlight class="normal"><ref refid="class_d_c_engine_1_1_system" kindref="compound">System</ref><sp/>{</highlight></codeline>
<codeline lineno="34"><highlight class="normal"></highlight></codeline>
<codeline lineno="35"><highlight class="normal"><sp/><sp/></highlight><highlight class="keyword">public</highlight><highlight class="normal">:</highlight></codeline>
<codeline lineno="36"><highlight class="normal"><sp/><sp/><sp/><sp/><ref refid="class_d_c_engine_1_1_system" kindref="compound">System</ref>(std::string&amp;<sp/>name,<sp/>ESys<sp/>type)<sp/>:<sp/>_name(name),</highlight></codeline>
<codeline lineno="37"><highlight class="normal"><sp/><sp/><sp/><sp/><sp/><sp/><sp/><sp/><sp/><sp/><sp/><sp/><sp/><sp/><sp/><sp/><sp/><sp/><sp/><sp/><sp/><sp/><sp/><sp/><sp/><sp/><sp/><sp/><sp/><sp/><sp/><sp/><sp/><sp/><sp/><sp/><sp/><sp/><sp/><sp/><sp/><sp/><sp/>_type(type)</highlight></codeline>
<codeline lineno="38"><highlight class="normal"><sp/><sp/><sp/><sp/>{<sp/>}</highlight></codeline>
<codeline lineno="39"><highlight class="normal"></highlight></codeline>
<codeline lineno="40"><highlight class="normal"><sp/><sp/><sp/><sp/></highlight><highlight class="keyword">virtual</highlight><highlight class="normal"><sp/></highlight><highlight class="keywordtype">void</highlight><highlight class="normal"><sp/>Initialize()<sp/>=<sp/>0;</highlight></codeline>
<codeline lineno="41"><highlight class="normal"><sp/><sp/><sp/><sp/></highlight><highlight class="keyword">virtual</highlight><highlight class="normal"><sp/></highlight><highlight class="keywordtype">void</highlight><highlight class="normal"><sp/>Update(</highlight><highlight class="keywordtype">float</highlight><highlight class="normal"><sp/>dt)<sp/>=<sp/>0;</highlight></codeline>
<codeline lineno="42"><highlight class="normal"><sp/><sp/><sp/><sp/></highlight><highlight class="keyword">virtual</highlight><highlight class="normal"><sp/></highlight><highlight class="keywordtype">void</highlight><highlight class="normal"><sp/>Terminate()<sp/>=<sp/>0;</highlight></codeline>
<codeline lineno="43"><highlight class="normal"></highlight></codeline>
<codeline lineno="44"><highlight class="normal"><sp/><sp/><sp/><sp/></highlight><highlight class="keywordtype">void</highlight><highlight class="normal"><sp/>ClearEntities();</highlight></codeline>
<codeline lineno="45"><highlight class="normal"></highlight></codeline>
<codeline lineno="46"><highlight class="normal"><sp/><sp/><sp/><sp/></highlight><highlight class="keyword">inline</highlight><highlight class="normal"><sp/>mask<sp/>Mask()<sp/>{<sp/></highlight><highlight class="keywordflow">return</highlight><highlight class="normal"><sp/>_mask;<sp/>}</highlight></codeline>
<codeline lineno="47"><highlight class="normal"></highlight></codeline>
<codeline lineno="48"><highlight class="normal"><sp/><sp/><sp/><sp/></highlight><highlight class="comment">//<sp/>Sharing<sp/>is<sp/>caring</highlight><highlight class="normal"></highlight></codeline>
<codeline lineno="49"><highlight class="normal"><sp/><sp/><sp/><sp/></highlight><highlight class="keyword">friend</highlight><highlight class="normal"><sp/></highlight><highlight class="keyword">class<sp/></highlight><highlight class="normal"><ref refid="class_d_c_engine_1_1_space" kindref="compound">Space</ref>;</highlight></codeline>
<codeline lineno="50"><highlight class="normal"><sp/><sp/><sp/><sp/></highlight><highlight class="keyword">friend</highlight><highlight class="normal"><sp/></highlight><highlight class="keyword">class<sp/></highlight><highlight class="normal"><ref refid="class_d_c_engine_1_1_engine" kindref="compound">Engine</ref>;<sp/></highlight></codeline>
<codeline lineno="51"><highlight class="normal"></highlight></codeline>
<codeline lineno="52"><highlight class="normal"><sp/><sp/></highlight><highlight class="keyword">private</highlight><highlight class="normal">:</highlight></codeline>
<codeline lineno="53"><highlight class="normal"><sp/><sp/><sp/><sp/><ref refid="class_d_c_engine_1_1_system" kindref="compound">System</ref>()<sp/>=<sp/></highlight><highlight class="keyword">delete</highlight><highlight class="normal">;</highlight></codeline>
<codeline lineno="54"><highlight class="normal"></highlight></codeline>
<codeline lineno="55"><highlight class="normal"><sp/><sp/></highlight><highlight class="keyword">protected</highlight><highlight class="normal">:</highlight></codeline>
<codeline lineno="56"><highlight class="normal"><sp/><sp/><sp/><sp/>std::string<sp/>_name;</highlight></codeline>
<codeline lineno="57"><highlight class="normal"><sp/><sp/><sp/><sp/></highlight><highlight class="keyword">const</highlight><highlight class="normal"><sp/>ESys<sp/>_type;</highlight></codeline>
<codeline lineno="58"><highlight class="normal"><sp/><sp/><sp/><sp/>EntityVec<sp/>_entities;</highlight></codeline>
<codeline lineno="59"><highlight class="normal"><sp/><sp/><sp/><sp/>mask<sp/>_mask;</highlight></codeline>
<codeline lineno="60"><highlight class="normal"><sp/><sp/><sp/><sp/></highlight></codeline>
<codeline lineno="61"><highlight class="normal"><sp/><sp/>};</highlight></codeline>
<codeline lineno="62"><highlight class="normal"></highlight></codeline>
<codeline lineno="63"><highlight class="normal"><sp/><sp/></highlight><highlight class="comment">//<sp/>ALIASES</highlight><highlight class="normal"></highlight></codeline>
<codeline lineno="64"><highlight class="normal"><sp/><sp/></highlight><highlight class="keyword">using</highlight><highlight class="normal"><sp/>SystemPtr<sp/>=<sp/>std::shared_ptr&lt;System&gt;;</highlight></codeline>
<codeline lineno="65"><highlight class="normal"><sp/><sp/></highlight><highlight class="keyword">using</highlight><highlight class="normal"><sp/>SystemVec<sp/>=<sp/>std::vector&lt;SystemPtr&gt;;</highlight></codeline>
<codeline lineno="66"><highlight class="normal"></highlight></codeline>
<codeline lineno="67"><highlight class="normal">}<sp/></highlight><highlight class="comment">//<sp/>DCEngine</highlight></codeline>
    </programlisting>
    <location file="D:/Google Drive/Digipen Institute of Technology/GAM 200/GAM200.git/DCEngine/Core/Systems/System.h"/>
  </compounddef>
</doxygen>
