<?xml version='1.0' encoding='UTF-8' standalone='no'?>
<doxygen xmlns:xsi="http://www.w3.org/2001/XMLSchema-instance" xsi:noNamespaceSchemaLocation="compound.xsd" version="1.8.10">
  <compounddef id="dir_9356e13bc93a39964003fa6a9b8523b1" kind="dir">
    <compoundname>D:/Google Drive/Digipen Institute of Technology/GAM 200/GAM200.git/DCEngine/Core/Engine</compoundname>
    <innerfile refid="_component_8h">Component.h</innerfile>
    <innerfile refid="_engine_8cpp">Engine.cpp</innerfile>
    <innerfile refid="_engine_8h">Engine.h</innerfile>
    <innerfile refid="_entity_8cpp">Entity.cpp</innerfile>
    <innerfile refid="_entity_8h">Entity.h</innerfile>
    <innerfile refid="_space_8cpp">Space.cpp</innerfile>
    <innerfile refid="_space_8h">Space.h</innerfile>
    <briefdescription>
    </briefdescription>
    <detaileddescription>
    </detaileddescription>
    <location file="D:/Google Drive/Digipen Institute of Technology/GAM 200/GAM200.git/DCEngine/Core/Engine/"/>
  </compounddef>
</doxygen>
